pcs_rider_path,rider_name,race_key,race_label,year,race_date,rank,status,team,age,uci_points,pcs_points,time
mathieu-van-der-poel,Mathieu Van Der Poel,world-championship,Worlds RR,2023,2023-08-06,1,,Netherlands,28,900.0,350.0,6:07:27
wout-van-aert,Wout Van Aert,world-championship,Worlds RR,2023,2023-08-06,2,,Belgium,28,715.0,260.0,1:37
mads-pedersen,Mads Pedersen,world-championship,Worlds RR,2023,2023-08-06,4,,Denmark,27,490.0,150.0,1:45
stefan-kung,Stefan Küng,world-championship,Worlds RR,2023,2023-08-06,5,,Switzerland,29,410.0,130.0,3:48
toms-skujins,Toms Skujiņš,world-championship,Worlds RR,2023,2023-08-06,8,,Latvia,32,225.0,90.0,3:48
tiesj-benoot,Tiesj Benoot,world-championship,Worlds RR,2023,2023-08-06,9,,Belgium,29,190.0,80.0,3:48
alberto-bettiol,Alberto Bettiol,world-championship,Worlds RR,2023,2023-08-06,10,,Italy,29,150.0,70.0,4:03
neilson-powless,Neilson Powless,world-championship,Worlds RR,2023,2023-08-06,11,,United States,26,130.0,65.0,4:20
mauro-schmid,Mauro Schmid,world-championship,Worlds RR,2023,2023-08-06,13,,Switzerland,23,90.0,55.0,5:50
kevin-vermaerke,Kevin Vermaerke,world-championship,Worlds RR,2023,2023-08-06,20,,United States,22,45.0,30.0,8:30
remco-evenepoel,Remco Evenepoel,world-championship,Worlds RR,2023,2023-08-06,25,,Belgium,23,30.0,20.0,10:10
emils-liepins,Emīls Liepiņš,world-championship,Worlds RR,2023,2023-08-06,29,,Latvia,30,30.0,16.0,13:59
matevz-govekar,Matevž Govekar,world-championship,Worlds RR,2023,2023-08-06,33,,Slovenia,23,15.0,15.0,13:59
nickolas-zukowsky,Nickolas Zukowsky,world-championship,Worlds RR,2023,2023-08-06,40,,Canada,25,15.0,15.0,14:06
nelson-oliveira,Nelson Oliveira,world-championship,Worlds RR,2023,2023-08-06,46,,Portugal,34,15.0,15.0,14:13
andreas-leknessund,Andreas Leknessund,world-championship,Worlds RR,2023,2023-08-06,50,,Norway,24,15.0,15.0,14:18
tobias-halland-johannessen,Tobias Halland Johannessen,world-championship,Worlds RR,2023,2023-08-06,51,,Norway,23,10.0,15.0,14:18
michael-matthews,Michael Matthews,world-championship,Worlds RR,2023,2023-08-06,,DNF,Australia,32,,,
harold-tejada,Harold Tejada,world-championship,Worlds RR,2023,2023-08-06,,DNF,Colombia,26,,,
santiago-buitrago-sanchez,Santiago Buitrago,world-championship,Worlds RR,2023,2023-08-06,,DNF,Colombia,23,,,
soren-kragh-andersen,Søren Kragh Andersen,world-championship,Worlds RR,2023,2023-08-06,,DNF,Denmark,28,,,
mikkel-honore,Mikkel Frølich Honoré,world-championship,Worlds RR,2023,2023-08-06,,DNF,Denmark,26,,,
kasper-asgreen,Kasper Asgreen,world-championship,Worlds RR,2023,2023-08-06,,DNF,Denmark,28,,,
mikkel-bjerg,Mikkel Bjerg,world-championship,Worlds RR,2023,2023-08-06,,DNF,Denmark,24,,,
derek-gee,Derek Gee-West,world-championship,Worlds RR,2023,2023-08-06,,DNF,Canada,26,,,
hugo-houle,Hugo Houle,world-championship,Worlds RR,2023,2023-08-06,,DNF,Canada,32,,,
nico-denz,Nico Denz,world-championship,Worlds RR,2023,2023-08-06,,DNF,Germany,29,,,
eric-antonio-fagundez,Eric Antonio Fagúndez,world-championship,Worlds RR,2023,2023-08-06,,DNF,Uruguay,24,,,
alfred-wright,Fred Wright,world-championship,Worlds RR,2023,2023-08-06,,DNF,Great Britain,24,,,
sean-quinn,Sean Quinn,world-championship,Worlds RR,2023,2023-08-06,,DNF,United States,23,,,
lawrence-warbasse,Larry Warbasse,world-championship,Worlds RR,2023,2023-08-06,,DNF,United States,33,,,
marc-hirschi,Marc Hirschi,world-championship,Worlds RR,2023,2023-08-06,,DNF,Switzerland,24,,,
stefan-bissegger,Stefan Bissegger,world-championship,Worlds RR,2023,2023-08-06,,DNF,Switzerland,24,,,
henok-mulubrhan,Henok Mulubrhan,world-championship,Worlds RR,2023,2023-08-06,,DNF,Eritrea,23,,,
martins-pluto,Mārtiņš Pluto,world-championship,Worlds RR,2023,2023-08-06,,DNF,Latvia,25,,,
corbin-strong,Corbin Strong,world-championship,Worlds RR,2023,2023-08-06,,DNF,New Zealand,23,,,
laurence-pithie,Laurence Pithie,world-championship,Worlds RR,2023,2023-08-06,,DNF,New Zealand,21,,,
george-bennett,George Bennett,world-championship,Worlds RR,2023,2023-08-06,,DNF,New Zealand,33,,,
michal-kwiatkowski,Michał Kwiatkowski,world-championship,Worlds RR,2023,2023-08-06,,DNF,Poland,33,,,
luka-mezgec,Luka Mezgec,world-championship,Worlds RR,2023,2023-08-06,,DNF,Slovenia,35,,,
tilen-finkst,Tilen Finkšt,world-championship,Worlds RR,2023,2023-08-06,,DNF,Slovenia,26,,,
mathias-vacek,Mathias Vacek,world-championship,Worlds RR,2023,2023-08-06,,DNF,Czech Republic,21,,,
joao-almeida,João Almeida,world-championship,Worlds RR,2023,2023-08-06,,DNF,Portugal,25,,,
ben-healy,Ben Healy,world-championship,Worlds RR,2023,2023-08-06,,DNF,Ireland,22,,,
ryan-mullen,Ryan Mullen,world-championship,Worlds RR,2023,2023-08-06,,DNF,Ireland,28,,,
jefferson-alexander-cepeda,Jefferson Alexander Cepeda,world-championship,Worlds RR,2023,2023-08-06,,DNF,Ecuador,25,,,
jhonatan-narvaez,Jhonatan Narváez,world-championship,Worlds RR,2023,2023-08-06,,DNF,Ecuador,26,,,
andreas-miltiadis,Andreas Miltiadis,world-championship,Worlds RR,2023,2023-08-06,,DNF,Cyprus,26,,,
matteo-trentin,Matteo Trentin,world-championship,Worlds RR,2023,2023-08-06,,DNF,Italy,34,,,
daan-hoole,Daan Hoole,world-championship,Worlds RR,2023,2023-08-06,,DNF,Netherlands,24,,,
pascal-eenkhoorn,Pascal Eenkhoorn,world-championship,Worlds RR,2023,2023-08-06,,DNF,Netherlands,26,,,
victor-langellotti,Victor Langellotti,world-championship,Worlds RR,2023,2023-08-06,,DNF,Monaco,28,,,
ben-o-connor,Ben O'Connor,world-championship,Worlds RR,2024,2024-09-29,2,,Australia,28,715.0,260.0,0:34
mathieu-van-der-poel,Mathieu Van Der Poel,world-championship,Worlds RR,2024,2024-09-29,3,,Netherlands,29,600.0,190.0,0:58
toms-skujins,Toms Skujiņš,world-championship,Worlds RR,2024,2024-09-29,4,,Latvia,33,490.0,150.0,0:58
remco-evenepoel,Remco Evenepoel,world-championship,Worlds RR,2024,2024-09-29,5,,Belgium,24,410.0,130.0,0:58
marc-hirschi,Marc Hirschi,world-championship,Worlds RR,2024,2024-09-29,6,,Switzerland,26,340.0,110.0,0:58
ben-healy,Ben Healy,world-championship,Worlds RR,2024,2024-09-29,7,,Ireland,24,265.0,100.0,1:00
enric-mas,Enric Mas,world-championship,Worlds RR,2024,2024-09-29,8,,Spain,29,225.0,90.0,1:01
quinn-simmons,Quinn Simmons,world-championship,Worlds RR,2024,2024-09-29,9,,United States,23,190.0,80.0,2:18
bauke-mollema,Bauke Mollema,world-championship,Worlds RR,2024,2024-09-29,12,,Netherlands,37,105.0,60.0,2:18
mads-pedersen,Mads Pedersen,world-championship,Worlds RR,2024,2024-09-29,13,,Denmark,28,90.0,55.0,3:52
georg-zimmermann,Georg Zimmermann,world-championship,Worlds RR,2024,2024-09-29,15,,Germany,26,60.0,46.0,3:52
oscar-onley,Oscar Onley,world-championship,Worlds RR,2024,2024-09-29,16,,Great Britain,21,50.0,42.0,3:52
brandon-mcnulty,Brandon Mcnulty,world-championship,Worlds RR,2024,2024-09-29,17,,United States,26,45.0,38.0,3:52
jai-hindley,Jai Hindley,world-championship,Worlds RR,2024,2024-09-29,18,,Australia,28,45.0,34.0,3:52
kevin-vermaerke,Kevin Vermaerke,world-championship,Worlds RR,2024,2024-09-29,19,,United States,23,45.0,32.0,3:52
mathias-vacek,Mathias Vacek,world-championship,Worlds RR,2024,2024-09-29,20,,Czech Republic,22,45.0,30.0,3:52
giulio-ciccone,Giulio Ciccone,world-championship,Worlds RR,2024,2024-09-29,25,,Italy,29,30.0,20.0,6:36
juan-ayuso-pesquera,Juan Ayuso,world-championship,Worlds RR,2024,2024-09-29,26,,Spain,22,30.0,19.0,6:36
attila-valter,Attila Valter,world-championship,Worlds RR,2024,2024-09-29,27,,Hungary,26,30.0,18.0,6:36
florian-lipowitz,Florian Lipowitz,world-championship,Worlds RR,2024,2024-09-29,28,,Germany,24,30.0,17.0,6:36
felix-grossschartner,Felix Großschartner,world-championship,Worlds RR,2024,2024-09-29,29,,Austria,30,30.0,16.0,6:36
adam-yates,Adam Yates,world-championship,Worlds RR,2024,2024-09-29,30,,Great Britain,32,30.0,15.0,6:36
matteo-jorgenson,Matteo Jorgenson,world-championship,Worlds RR,2024,2024-09-29,34,,United States,25,15.0,15.0,6:36
pavel-sivakov,Pavel Sivakov,world-championship,Worlds RR,2024,2024-09-29,35,,France,27,15.0,15.0,6:40
stefan-kung,Stefan Küng,world-championship,Worlds RR,2024,2024-09-29,37,,Switzerland,30,15.0,15.0,7:01
neilson-powless,Neilson Powless,world-championship,Worlds RR,2024,2024-09-29,39,,United States,28,15.0,15.0,12:09
harold-tejada,Harold Tejada,world-championship,Worlds RR,2024,2024-09-29,40,,Colombia,27,15.0,15.0,12:09
tobias-halland-johannessen,Tobias Halland Johannessen,world-championship,Worlds RR,2024,2024-09-29,41,,Norway,25,15.0,15.0,12:09
pier-andre-cote,Pier-André Côté,world-championship,Worlds RR,2024,2024-09-29,44,,Canada,27,15.0,15.0,12:09
maxim-van-gils,Maxim Van Gils,world-championship,Worlds RR,2024,2024-09-29,51,,Belgium,24,10.0,15.0,12:09
mikkel-honore,Mikkel Frølich Honoré,world-championship,Worlds RR,2024,2024-09-29,52,,Denmark,27,10.0,15.0,12:09
natnael-tesfatsion,Natnael Tesfatsion,world-championship,Worlds RR,2024,2024-09-29,53,,Eritrea,25,10.0,15.0,12:09
michael-woods,Michael Woods,world-championship,Worlds RR,2024,2024-09-29,54,,Canada,37,10.0,15.0,12:09
nelson-oliveira,Nelson Oliveira,world-championship,Worlds RR,2024,2024-09-29,55,,Portugal,35,10.0,15.0,12:09
tom-pidcock,Tom Pidcock,world-championship,Worlds RR,2024,2024-09-29,57,,Great Britain,25,5.0,15.0,12:09
mattia-cattaneo,Mattia Cattaneo,world-championship,Worlds RR,2024,2024-09-29,63,,Italy,33,,15.0,12:09
primoz-roglic,Primož Roglič,world-championship,Worlds RR,2024,2024-09-29,64,,Slovenia,34,,15.0,12:09
lawrence-warbasse,Larry Warbasse,world-championship,Worlds RR,2024,2024-09-29,70,,United States,34,,15.0,17:39
edgar-cadena,Edgar David Cadena,world-championship,Worlds RR,2024,2024-09-29,74,,Mexico,24,,15.0,19:23
andreas-leknessund,Andreas Leknessund,world-championship,Worlds RR,2024,2024-09-29,75,,Norway,25,,15.0,19:23
guillermo-thomas-silva-coussan,Guillermo Thomas Silva,world-championship,Worlds RR,2024,2024-09-29,80,,Uruguay,22,,15.0,19:23
eric-antonio-fagundez,Eric Antonio Fagúndez,world-championship,Worlds RR,2024,2024-09-29,81,,Uruguay,26,,15.0,19:23
michael-matthews,Michael Matthews,world-championship,Worlds RR,2024,2024-09-29,,DNF,Australia,34,,,
michael-storer,Michael Storer,world-championship,Worlds RR,2024,2024-09-29,,DNF,Australia,27,,,
santiago-buitrago-sanchez,Santiago Buitrago,world-championship,Worlds RR,2024,2024-09-29,,DNF,Colombia,25,,,
tobias-foss,Tobias Foss,world-championship,Worlds RR,2024,2024-09-29,,DNF,Norway,27,,,
kasper-asgreen,Kasper Asgreen,world-championship,Worlds RR,2024,2024-09-29,,DNF,Denmark,29,,,
michael-valgren-andersen,Michael Valgren,world-championship,Worlds RR,2024,2024-09-29,,DNF,Denmark,32,,,
derek-gee,Derek Gee-West,world-championship,Worlds RR,2024,2024-09-29,,DNF,Canada,27,,,
marco-brenner,Marco Brenner,world-championship,Worlds RR,2024,2024-09-29,,DNF,Germany,22,,,
maximilian-schachmann,Maximilian Schachmann,world-championship,Worlds RR,2024,2024-09-29,,DNF,Germany,30,,,
ulises-alfredo-castillo,Ulises Alfredo Castillo,world-championship,Worlds RR,2024,2024-09-29,,DNF,Mexico,32,,,
eder-frayre,Eder Frayre,world-championship,Worlds RR,2024,2024-09-29,,DNF,Mexico,32,,,
anton-kuzmin,Anton Kuzmin,world-championship,Worlds RR,2024,2024-09-29,,DNF,Kazakhstan,27,,,
mark-donovan,Mark Donovan,world-championship,Worlds RR,2024,2024-09-29,,DNF,Great Britain,25,,,
mauro-schmid,Mauro Schmid,world-championship,Worlds RR,2024,2024-09-29,,DNF,Switzerland,24,,,
amanuel-ghebreigzabhier,Amanuel Ghebreigzabhier,world-championship,Worlds RR,2024,2024-09-29,,DNF,Eritrea,30,,,
henok-mulubrhan,Henok Mulubrhan,world-championship,Worlds RR,2024,2024-09-29,,DNF,Eritrea,24,,,
biniam-girmay,Biniam Girmay,world-championship,Worlds RR,2024,2024-09-29,,DNF,Eritrea,24,,,
emils-liepins,Emīls Liepiņš,world-championship,Worlds RR,2024,2024-09-29,,DNF,Latvia,31,,,
george-bennett,George Bennett,world-championship,Worlds RR,2024,2024-09-29,,DNF,New Zealand,34,,,
finn-fisher-black,Finn Fisher-Black,world-championship,Worlds RR,2024,2024-09-29,,DNF,New Zealand,22,,,
francisco-penuela,Francisco Joel Peñuela,world-championship,Worlds RR,2024,2024-09-29,,DNF,Venezuela,23,,,
piotr-pekala,Piotr Pękala,world-championship,Worlds RR,2024,2024-09-29,,DNF,Poland,26,,,
jan-tratnik,Jan Tratnik,world-championship,Worlds RR,2024,2024-09-29,,DNF,Slovenia,34,,,
matevz-govekar,Matevž Govekar,world-championship,Worlds RR,2024,2024-09-29,,DNF,Slovenia,24,,,
luka-mezgec,Luka Mezgec,world-championship,Worlds RR,2024,2024-09-29,,DNF,Slovenia,36,,,
madis-mihkels,Madis Mihkels,world-championship,Worlds RR,2024,2024-09-29,,DNF,Estonia,21,,,
jakub-otruba,Jakub Otruba,world-championship,Worlds RR,2024,2024-09-29,,DNF,Czech Republic,26,,,
iustin-ioan-vaidian,Iustin-Ioan Văidian,world-championship,Worlds RR,2024,2024-09-29,,DNF,Romania,23,,,
ivo-emanuel-alves,Ivo Oliveira,world-championship,Worlds RR,2024,2024-09-29,,DNF,Portugal,28,,,
afonso-eulalio,Afonso Eulálio,world-championship,Worlds RR,2024,2024-09-29,,DNF,Portugal,22,,,
joao-almeida,João Almeida,world-championship,Worlds RR,2024,2024-09-29,,DNF,Portugal,26,,,
jefferson-alexander-cepeda,Jefferson Alexander Cepeda,world-championship,Worlds RR,2024,2024-09-29,,DNF,Ecuador,26,,,
nadav-raisberg,Nadav Raisberg,world-championship,Worlds RR,2024,2024-09-29,,DNF,Israel,23,,,
alexandre-mayer,Alexandre Mayer,world-championship,Worlds RR,2024,2024-09-29,,DNF,Mauritius,26,,,
bart-lemmen,Bart Lemmen,world-championship,Worlds RR,2024,2024-09-29,,DNF,Netherlands,28,,,
daan-hoole,Daan Hoole,world-championship,Worlds RR,2024,2024-09-29,,DNF,Netherlands,25,,,
quinten-hermans,Quinten Hermans,world-championship,Worlds RR,2024,2024-09-29,,DNF,Belgium,29,,,
tiesj-benoot,Tiesj Benoot,world-championship,Worlds RR,2024,2024-09-29,,DNF,Belgium,30,,,
victor-langellotti,Victor Langellotti,world-championship,Worlds RR,2024,2024-09-29,,DNF,Monaco,29,,,
kaden-hopkins,Kaden Hopkins,world-championship,Worlds RR,2024,2024-09-29,,DNF,Bermuda,24,,,
fredd-matute,Fredd Matute,world-championship,Worlds RR,2024,2024-09-29,,DNF,Honduras,38,,,
felix-gall,Felix Gall,world-championship,Worlds RR,2024,2024-09-29,,DNF,Austria,26,,,
remco-evenepoel,Remco Evenepoel,world-championship,Worlds RR,2025,2025-09-28,2,,Belgium,25,715.0,260.0,1:28
ben-healy,Ben Healy,world-championship,Worlds RR,2025,2025-09-28,3,,Ireland,25,600.0,190.0,2:16
toms-skujins,Toms Skujiņš,world-championship,Worlds RR,2025,2025-09-28,5,,Latvia,34,410.0,130.0,6:41
giulio-ciccone,Giulio Ciccone,world-championship,Worlds RR,2025,2025-09-28,6,,Italy,30,340.0,110.0,6:47
isaac-del-toro,Isaac Del Toro,world-championship,Worlds RR,2025,2025-09-28,7,,Mexico,21,265.0,100.0,6:47
juan-ayuso-pesquera,Juan Ayuso,world-championship,Worlds RR,2025,2025-09-28,8,,Spain,23,225.0,90.0,6:47
afonso-eulalio,Afonso Eulálio,world-championship,Worlds RR,2025,2025-09-28,9,,Portugal,23,190.0,80.0,7:06
tom-pidcock,Tom Pidcock,world-championship,Worlds RR,2025,2025-09-28,10,,Great Britain,26,150.0,70.0,9:05
primoz-roglic,Primož Roglič,world-championship,Worlds RR,2025,2025-09-28,11,,Slovenia,35,130.0,65.0,9:05
mikkel-honore,Mikkel Frølich Honoré,world-championship,Worlds RR,2025,2025-09-28,12,,Denmark,28,105.0,60.0,9:07
paul-seixas,Paul Seixas,world-championship,Worlds RR,2025,2025-09-28,13,,France,19,90.0,55.0,9:07
harold-tejada,Harold Tejada,world-championship,Worlds RR,2025,2025-09-28,14,,Colombia,28,75.0,50.0,9:07
pavel-sivakov,Pavel Sivakov,world-championship,Worlds RR,2025,2025-09-28,15,,France,28,60.0,46.0,9:47
jai-hindley,Jai Hindley,world-championship,Worlds RR,2025,2025-09-28,16,,Australia,29,50.0,42.0,10:01
marc-hirschi,Marc Hirschi,world-championship,Worlds RR,2025,2025-09-28,18,,Switzerland,27,45.0,34.0,10:06
michael-storer,Michael Storer,world-championship,Worlds RR,2025,2025-09-28,19,,Australia,28,45.0,32.0,10:12
bauke-mollema,Bauke Mollema,world-championship,Worlds RR,2025,2025-09-28,21,,Netherlands,38,45.0,28.0,10:12
kevin-vermaerke,Kevin Vermaerke,world-championship,Worlds RR,2025,2025-09-28,23,,United States,24,30.0,24.0,10:16
andreas-leknessund,Andreas Leknessund,world-championship,Worlds RR,2025,2025-09-28,25,,Norway,26,30.0,20.0,10:18
embret-svestad-bardseng,Embret Svestad-Bårdseng,world-championship,Worlds RR,2025,2025-09-28,27,,Norway,23,30.0,18.0,10:48
valentin-paret-peintre,Valentin Paret-Peintre,world-championship,Worlds RR,2025,2025-09-28,28,,France,24,30.0,17.0,10:59
jan-christen,Jan Christen,world-championship,Worlds RR,2025,2025-09-28,29,,Switzerland,21,30.0,16.0,11:55
amanuel-ghebreigzabhier,Amanuel Ghebreigzabhier,world-championship,Worlds RR,2025,2025-09-28,30,,Eritrea,31,30.0,15.0,12:04
michael-matthews,Michael Matthews,world-championship,Worlds RR,2025,2025-09-28,,DNF,Australia,35,,,
brandon-smith-rivera-vargas,Brandon Smith Rivera,world-championship,Worlds RR,2025,2025-09-28,,DNF,Colombia,29,,,
anthon-charmig,Anthon Charmig,world-championship,Worlds RR,2025,2025-09-28,,DNF,Denmark,27,,,
michael-leonard1,Michael Leonard,world-championship,Worlds RR,2025,2025-09-28,,DNF,Canada,21,,,
georg-zimmermann,Georg Zimmermann,world-championship,Worlds RR,2025,2025-09-28,,DNF,Germany,27,,,
felix-engelhardt,Felix Engelhardt,world-championship,Worlds RR,2025,2025-09-28,,DNF,Germany,25,,,
eder-frayre,Eder Frayre,world-championship,Worlds RR,2025,2025-09-28,,DNF,Mexico,33,,,
mark-donovan,Mark Donovan,world-championship,Worlds RR,2025,2025-09-28,,DNF,Great Britain,26,,,
oscar-onley,Oscar Onley,world-championship,Worlds RR,2025,2025-09-28,,DNF,Great Britain,22,,,
alfred-wright,Fred Wright,world-championship,Worlds RR,2025,2025-09-28,,DNF,Great Britain,26,,,
lawrence-warbasse,Larry Warbasse,world-championship,Worlds RR,2025,2025-09-28,,DNF,United States,35,,,
quinn-simmons,Quinn Simmons,world-championship,Worlds RR,2025,2025-09-28,,DNF,United States,24,,,
mauro-schmid,Mauro Schmid,world-championship,Worlds RR,2025,2025-09-28,,DNF,Switzerland,25,,,
fabio-christen,Fabio Christen,world-championship,Worlds RR,2025,2025-09-28,,DNF,Switzerland,23,,,
henok-mulubrhan,Henok Mulubrhan,world-championship,Worlds RR,2025,2025-09-28,,DNF,Eritrea,25,,,
merhawi-kudus,Merhawi Kudus,world-championship,Worlds RR,2025,2025-09-28,,DNF,Eritrea,31,,,
natnael-tesfatsion,Natnael Tesfatsion,world-championship,Worlds RR,2025,2025-09-28,,DNF,Eritrea,26,,,
biniam-girmay,Biniam Girmay,world-championship,Worlds RR,2025,2025-09-28,,DNF,Eritrea,25,,,
byron-munton,Byron Munton,world-championship,Worlds RR,2025,2025-09-28,,DNF,South Africa,26,,,
kristians-belohvosciks,Kristiāns Belohvoščiks,world-championship,Worlds RR,2025,2025-09-28,,DNF,Latvia,23,,,
martins-pluto,Mārtiņš Pluto,world-championship,Worlds RR,2025,2025-09-28,,DNF,Latvia,27,,,
francisco-penuela,Francisco Joel Peñuela,world-championship,Worlds RR,2025,2025-09-28,,DNF,Venezuela,24,,,
henrique-da-silva-avancini,Henrique da Silva Avancini,world-championship,Worlds RR,2025,2025-09-28,,DNF,Brazil,36,,,
luka-mezgec,Luka Mezgec,world-championship,Worlds RR,2025,2025-09-28,,DNF,Slovenia,37,,,
matej-mohoric,Matej Mohorič,world-championship,Worlds RR,2025,2025-09-28,,DNF,Slovenia,30,,,
gal-glivar,Gal Glivar,world-championship,Worlds RR,2025,2025-09-28,,DNF,Slovenia,23,,,
matevz-govekar,Matevž Govekar,world-championship,Worlds RR,2025,2025-09-28,,DNF,Slovenia,25,,,
ivo-emanuel-alves,Ivo Oliveira,world-championship,Worlds RR,2025,2025-09-28,,DNF,Portugal,29,,,
tiago-antunes,Tiago Antunes,world-championship,Worlds RR,2025,2025-09-28,,DNF,Portugal,28,,,
antonio-morgado,António Morgado,world-championship,Worlds RR,2025,2025-09-28,,DNF,Portugal,21,,,
darren-rafferty,Darren Rafferty,world-championship,Worlds RR,2025,2025-09-28,,DNF,Ireland,22,,,
ryan-mullen,Ryan Mullen,world-championship,Worlds RR,2025,2025-09-28,,DNF,Ireland,31,,,
nadav-raisberg,Nadav Raisberg,world-championship,Worlds RR,2025,2025-09-28,,DNF,Israel,24,,,
alexandre-mayer,Alexandre Mayer,world-championship,Worlds RR,2025,2025-09-28,,DNF,Mauritius,27,,,
carlos-verona,Carlos Verona,world-championship,Worlds RR,2025,2025-09-28,,DNF,Spain,32,,,
raul-garcia-pierna,Raúl García Pierna,world-championship,Worlds RR,2025,2025-09-28,,DNF,Spain,24,,,
ivan-romeo,Iván Romeo,world-championship,Worlds RR,2025,2025-09-28,,DNF,Spain,22,,,
mattia-cattaneo,Mattia Cattaneo,world-championship,Worlds RR,2025,2025-09-28,,DNF,Italy,34,,,
jordan-jegat,Jordan Jegat,world-championship,Worlds RR,2025,2025-09-28,,DNF,France,26,,,
menno-huising,Menno Huising,world-championship,Worlds RR,2025,2025-09-28,,DNF,Netherlands,21,,,
quinten-hermans,Quinten Hermans,world-championship,Worlds RR,2025,2025-09-28,,DNF,Belgium,30,,,
martin-svrcek,Martin Svrček,world-championship,Worlds RR,2025,2025-09-28,,DNF,Slovakia,22,,,
victor-langellotti,Victor Langellotti,world-championship,Worlds RR,2025,2025-09-28,,DNF,Monaco,30,,,
attila-valter,Attila Valter,world-championship,Worlds RR,2025,2025-09-28,,DNF,Hungary,27,,,
tom-pidcock,Tom Pidcock,strade-bianche,Strade Bianche,2023,2023-03-04,1,,INEOS Grenadiers,23,400.0,225.0,4:31:41
tiesj-benoot,Tiesj Benoot,strade-bianche,Strade Bianche,2023,2023-03-04,3,,Jumbo-Visma,28,260.0,110.0,0:22
attila-valter,Attila Valter,strade-bianche,Strade Bianche,2023,2023-03-04,5,,Jumbo-Visma,24,180.0,80.0,0:23
matej-mohoric,Matej Mohorič,strade-bianche,Strade Bianche,2023,2023-03-04,6,,Bahrain - Victorious,28,140.0,70.0,0:34
andreas-kron,Andreas Kron,strade-bianche,Strade Bianche,2023,2023-03-04,10,,Lotto Dstny,24,68.0,42.0,1:35
quinn-simmons,Quinn Simmons,strade-bianche,Strade Bianche,2023,2023-03-04,12,,Trek - Segafredo,21,48.0,34.0,1:46
mathieu-van-der-poel,Mathieu Van Der Poel,strade-bianche,Strade Bianche,2023,2023-03-04,15,,Alpecin - Deceuninck,28,28.0,22.0,1:46
toms-skujins,Toms Skujiņš,strade-bianche,Strade Bianche,2023,2023-03-04,17,,Trek - Segafredo,31,24.0,18.0,1:46
michal-kwiatkowski,Michał Kwiatkowski,strade-bianche,Strade Bianche,2023,2023-03-04,18,,INEOS Grenadiers,32,24.0,17.0,1:46
gianni-vermeersch,Gianni Vermeersch,strade-bianche,Strade Bianche,2023,2023-03-04,22,,Alpecin - Deceuninck,30,16.0,13.0,1:46
maxim-van-gils,Maxim Van Gils,strade-bianche,Strade Bianche,2023,2023-03-04,23,,Lotto Dstny,23,16.0,12.0,1:46
patrick-konrad,Patrick Konrad,strade-bianche,Strade Bianche,2023,2023-03-04,24,,BORA - hansgrohe,31,16.0,11.0,1:46
james-shaw,James Shaw,strade-bianche,Strade Bianche,2023,2023-03-04,27,,EF Education - EasyPost,26,16.0,8.0,1:46
sean-quinn,Sean Quinn,strade-bianche,Strade Bianche,2023,2023-03-04,35,,EF Education - EasyPost,22,8.0,5.0,2:08
nelson-oliveira,Nelson Oliveira,strade-bianche,Strade Bianche,2023,2023-03-04,36,,Movistar Team,33,8.0,5.0,2:10
sergio-higuita,Sergio Higuita,strade-bianche,Strade Bianche,2023,2023-03-04,38,,BORA - hansgrohe,25,8.0,5.0,4:39
oscar-onley,Oscar Onley,strade-bianche,Strade Bianche,2023,2023-03-04,41,,Team DSM,20,8.0,5.0,5:43
brandon-smith-rivera-vargas,Brandon Smith Rivera,strade-bianche,Strade Bianche,2023,2023-03-04,61,,INEOS Grenadiers,26,,5.0,9:03
carlos-verona,Carlos Verona,strade-bianche,Strade Bianche,2023,2023-03-04,64,,Movistar Team,30,,5.0,9:09
mikkel-honore,Mikkel Frølich Honoré,strade-bianche,Strade Bianche,2023,2023-03-04,66,,EF Education - EasyPost,26,,5.0,9:09
brandon-mcnulty,Brandon Mcnulty,strade-bianche,Strade Bianche,2023,2023-03-04,70,,UAE Team Emirates,24,,5.0,9:13
amanuel-ghebreigzabhier,Amanuel Ghebreigzabhier,strade-bianche,Strade Bianche,2023,2023-03-04,81,,Trek - Segafredo,28,,5.0,9:33
george-bennett,George Bennett,strade-bianche,Strade Bianche,2023,2023-03-04,106,,UAE Team Emirates,32,,5.0,14:18
matevz-govekar,Matevž Govekar,strade-bianche,Strade Bianche,2023,2023-03-04,107,,Bahrain - Victorious,22,,5.0,14:18
mathijs-paasschens,Mathijs Paasschens,strade-bianche,Strade Bianche,2023,2023-03-04,114,,Lotto Dstny,26,,5.0,18:25
felix-engelhardt,Felix Engelhardt,strade-bianche,Strade Bianche,2023,2023-03-04,,OTL,Team Jayco AlUla,22,,,22:57
derek-gee,Derek Gee-West,strade-bianche,Strade Bianche,2023,2023-03-04,,OTL,Israel - Premier Tech,25,,,25:58
valentin-paret-peintre,Valentin Paret-Peintre,strade-bianche,Strade Bianche,2023,2023-03-04,,DNF,AG2R Citroën Team,22,,,
marcel-camprubi,Marcel Camprubí,strade-bianche,Strade Bianche,2023,2023-03-04,,DNF,Q36.5 Pro Cycling Team,21,,,
mark-donovan,Mark Donovan,strade-bianche,Strade Bianche,2023,2023-03-04,,DNF,Q36.5 Pro Cycling Team,23,,,
marco-brenner,Marco Brenner,strade-bianche,Strade Bianche,2023,2023-03-04,,DNF,Team DSM,20,,,
georg-zimmermann,Georg Zimmermann,strade-bianche,Strade Bianche,2023,2023-03-04,,DNF,Intermarché - Circus - Wanty,25,,,
ivan-romeo,Iván Romeo,strade-bianche,Strade Bianche,2023,2023-03-04,,DNF,Movistar Team,19,,,
alberto-bettiol,Alberto Bettiol,strade-bianche,Strade Bianche,2023,2023-03-04,,DNF,EF Education - EasyPost,29,,,
toms-skujins,Toms Skujiņš,strade-bianche,Strade Bianche,2024,2024-03-02,2,,Lidl - Trek,32,320.0,150.0,2:44
maxim-van-gils,Maxim Van Gils,strade-bianche,Strade Bianche,2024,2024-03-02,3,,Lotto Dstny,24,260.0,110.0,2:47
tom-pidcock,Tom Pidcock,strade-bianche,Strade Bianche,2024,2024-03-02,4,,INEOS Grenadiers,24,220.0,90.0,3:50
matej-mohoric,Matej Mohorič,strade-bianche,Strade Bianche,2024,2024-03-02,5,,Bahrain - Victorious,29,180.0,80.0,4:26
ben-healy,Ben Healy,strade-bianche,Strade Bianche,2024,2024-03-02,12,,EF Education - EasyPost,23,48.0,34.0,5:23
attila-valter,Attila Valter,strade-bianche,Strade Bianche,2024,2024-03-02,19,,Team Visma | Lease a Bike,25,24.0,16.0,7:45
alberto-bettiol,Alberto Bettiol,strade-bianche,Strade Bianche,2024,2024-03-02,24,,EF Education - EasyPost,30,16.0,11.0,10:02
kevin-vermaerke,Kevin Vermaerke,strade-bianche,Strade Bianche,2024,2024-03-02,30,,Team dsm-firmenich PostNL,23,16.0,5.0,10:09
gianni-vermeersch,Gianni Vermeersch,strade-bianche,Strade Bianche,2024,2024-03-02,32,,Alpecin - Deceuninck,31,8.0,5.0,10:16
sergio-higuita,Sergio Higuita,strade-bianche,Strade Bianche,2024,2024-03-02,34,,BORA - hansgrohe,26,8.0,5.0,10:23
nelson-oliveira,Nelson Oliveira,strade-bianche,Strade Bianche,2024,2024-03-02,36,,Movistar Team,34,8.0,5.0,10:29
kasper-asgreen,Kasper Asgreen,strade-bianche,Strade Bianche,2024,2024-03-02,40,,Soudal Quick-Step,29,8.0,5.0,11:49
bart-lemmen,Bart Lemmen,strade-bianche,Strade Bianche,2024,2024-03-02,44,,Team Visma | Lease a Bike,28,8.0,5.0,16:16
mark-donovan,Mark Donovan,strade-bianche,Strade Bianche,2024,2024-03-02,45,,Q36.5 Pro Cycling Team,24,8.0,5.0,16:18
mikkel-honore,Mikkel Frølich Honoré,strade-bianche,Strade Bianche,2024,2024-03-02,47,,EF Education - EasyPost,27,8.0,5.0,16:20
marc-hirschi,Marc Hirschi,strade-bianche,Strade Bianche,2024,2024-03-02,68,,UAE Team Emirates,25,,5.0,16:52
quinten-hermans,Quinten Hermans,strade-bianche,Strade Bianche,2024,2024-03-02,69,,Alpecin - Deceuninck,28,,5.0,16:52
james-shaw,James Shaw,strade-bianche,Strade Bianche,2024,2024-03-02,78,,EF Education - EasyPost,27,,5.0,20:25
neilson-powless,Neilson Powless,strade-bianche,Strade Bianche,2024,2024-03-02,86,,EF Education - EasyPost,27,,5.0,20:33
nadav-raisberg,Nadav Raisberg,strade-bianche,Strade Bianche,2024,2024-03-02,100,,Israel - Premier Tech,22,,5.0,20:57
matevz-govekar,Matevž Govekar,strade-bianche,Strade Bianche,2024,2024-03-02,101,,Bahrain - Victorious,23,,5.0,20:57
jordan-labrosse,Jordan Labrosse,strade-bianche,Strade Bianche,2024,2024-03-02,,DNF,Decathlon AG2R La Mondiale Team,21,,,
felix-engelhardt,Felix Engelhardt,strade-bianche,Strade Bianche,2024,2024-03-02,,DNF,Team Jayco AlUla,23,,,
jan-christen,Jan Christen,strade-bianche,Strade Bianche,2024,2024-03-02,,DNF,UAE Team Emirates,19,,,
isaac-del-toro,Isaac Del Toro,strade-bianche,Strade Bianche,2024,2024-03-02,,DNF,UAE Team Emirates,20,,,
mathias-vacek,Mathias Vacek,strade-bianche,Strade Bianche,2024,2024-03-02,,DNF,Lidl - Trek,21,,,
quinn-simmons,Quinn Simmons,strade-bianche,Strade Bianche,2024,2024-03-02,,DNF,Lidl - Trek,22,,,
michal-kwiatkowski,Michał Kwiatkowski,strade-bianche,Strade Bianche,2024,2024-03-02,,DNF,INEOS Grenadiers,33,,,
tom-pidcock,Tom Pidcock,strade-bianche,Strade Bianche,2025,2025-03-08,2,,Q36.5 Pro Cycling Team,25,320.0,150.0,1:24
ben-healy,Ben Healy,strade-bianche,Strade Bianche,2025,2025-03-08,4,,EF Education - EasyPost,24,220.0,90.0,3:23
gianni-vermeersch,Gianni Vermeersch,strade-bianche,Strade Bianche,2025,2025-03-08,7,,Alpecin - Deceuninck,32,120.0,60.0,4:29
michael-valgren-andersen,Michael Valgren,strade-bianche,Strade Bianche,2025,2025-03-08,8,,EF Education - EasyPost,33,100.0,50.0,4:37
toms-skujins,Toms Skujiņš,strade-bianche,Strade Bianche,2025,2025-03-08,12,,Lidl - Trek,33,48.0,34.0,5:33
quinten-hermans,Quinten Hermans,strade-bianche,Strade Bianche,2025,2025-03-08,15,,Alpecin - Deceuninck,29,28.0,22.0,5:34
jordan-labrosse,Jordan Labrosse,strade-bianche,Strade Bianche,2025,2025-03-08,17,,Decathlon AG2R La Mondiale Team,22,24.0,18.0,5:34
attila-valter,Attila Valter,strade-bianche,Strade Bianche,2025,2025-03-08,22,,Team Visma | Lease a Bike,26,16.0,13.0,5:45
tobias-halland-johannessen,Tobias Halland Johannessen,strade-bianche,Strade Bianche,2025,2025-03-08,23,,Uno-X Mobility,25,16.0,12.0,5:52
marc-hirschi,Marc Hirschi,strade-bianche,Strade Bianche,2025,2025-03-08,24,,Tudor Pro Cycling Team,26,16.0,11.0,5:55
mark-donovan,Mark Donovan,strade-bianche,Strade Bianche,2025,2025-03-08,27,,Q36.5 Pro Cycling Team,25,16.0,8.0,7:16
mattia-cattaneo,Mattia Cattaneo,strade-bianche,Strade Bianche,2025,2025-03-08,29,,Soudal Quick-Step,34,16.0,6.0,8:59
isaac-del-toro,Isaac Del Toro,strade-bianche,Strade Bianche,2025,2025-03-08,33,,UAE Team Emirates - XRG,21,8.0,5.0,10:29
brandon-smith-rivera-vargas,Brandon Smith Rivera,strade-bianche,Strade Bianche,2025,2025-03-08,34,,INEOS Grenadiers,28,8.0,5.0,10:30
bauke-mollema,Bauke Mollema,strade-bianche,Strade Bianche,2025,2025-03-08,35,,Lidl - Trek,38,8.0,5.0,11:08
mikkel-honore,Mikkel Frølich Honoré,strade-bianche,Strade Bianche,2025,2025-03-08,38,,EF Education - EasyPost,28,8.0,5.0,11:35
afonso-eulalio,Afonso Eulálio,strade-bianche,Strade Bianche,2025,2025-03-08,46,,Bahrain - Victorious,23,8.0,5.0,11:44
hugo-houle,Hugo Houle,strade-bianche,Strade Bianche,2025,2025-03-08,54,,Israel - Premier Tech,34,4.0,5.0,12:03
felix-engelhardt,Felix Engelhardt,strade-bianche,Strade Bianche,2025,2025-03-08,57,,Team Jayco AlUla,24,2.0,5.0,14:24
jan-tratnik,Jan Tratnik,strade-bianche,Strade Bianche,2025,2025-03-08,60,,Red Bull - BORA - hansgrohe,35,2.0,5.0,19:36
james-shaw,James Shaw,strade-bianche,Strade Bianche,2025,2025-03-08,67,,EF Education - EasyPost,28,,5.0,21:22
lawrence-warbasse,Larry Warbasse,strade-bianche,Strade Bianche,2025,2025-03-08,74,,Tudor Pro Cycling Team,34,,5.0,24:45
jorgen-nordhagen,Jørgen Nordhagen,strade-bianche,Strade Bianche,2025,2025-03-08,85,,Team Visma | Lease a Bike,20,,5.0,24:45
fabio-christen,Fabio Christen,strade-bianche,Strade Bianche,2025,2025-03-08,87,,Q36.5 Pro Cycling Team,22,,5.0,24:53
nicolas-prodhomme,Nicolas Prodhomme,strade-bianche,Strade Bianche,2025,2025-03-08,91,,Decathlon AG2R La Mondiale Team,28,,5.0,24:56
nadav-raisberg,Nadav Raisberg,strade-bianche,Strade Bianche,2025,2025-03-08,93,,Israel - Premier Tech,23,,5.0,25:00
gal-glivar,Gal Glivar,strade-bianche,Strade Bianche,2025,2025-03-08,,DNF,Alpecin - Deceuninck,22,,,
felix-grossschartner,Felix Großschartner,strade-bianche,Strade Bianche,2025,2025-03-08,,DNF,UAE Team Emirates - XRG,31,,,
quinn-simmons,Quinn Simmons,strade-bianche,Strade Bianche,2025,2025-03-08,,DNF,Lidl - Trek,23,,,
mathias-vacek,Mathias Vacek,strade-bianche,Strade Bianche,2025,2025-03-08,,DNF,Lidl - Trek,22,,,
alberto-bettiol,Alberto Bettiol,strade-bianche,Strade Bianche,2025,2025-03-08,,DNF,XDS Astana Team,31,,,
christian-scaroni,Christian Scaroni,strade-bianche,Strade Bianche,2025,2025-03-08,,DNF,XDS Astana Team,27,,,
nickolas-zukowsky,Nickolas Zukowsky,strade-bianche,Strade Bianche,2025,2025-03-08,,DNF,Q36.5 Pro Cycling Team,26,,,
menno-huising,Menno Huising,strade-bianche,Strade Bianche,2025,2025-03-08,,DNF,Team Visma | Lease a Bike,20,,,
kevin-vermaerke,Kevin Vermaerke,strade-bianche,Strade Bianche,2025,2025-03-08,,DNF,Team Picnic PostNL,24,,,
tim-van-dijke,Tim Van Dijke,strade-bianche,Strade Bianche,2025,2025-03-08,,DNF,Red Bull - BORA - hansgrohe,24,,,
michal-kwiatkowski,Michał Kwiatkowski,strade-bianche,Strade Bianche,2025,2025-03-08,,DNF,INEOS Grenadiers,34,,,
artem-shmidt,Artem Shmidt,strade-bianche,Strade Bianche,2025,2025-03-08,,DNF,INEOS Grenadiers,21,,,
natnael-tesfatsion,Natnael Tesfatsion,strade-bianche,Strade Bianche,2025,2025-03-08,,DNF,Movistar Team,25,,,
matej-mohoric,Matej Mohorič,strade-bianche,Strade Bianche,2025,2025-03-08,,DNS,Bahrain - Victorious,30,,,
paul-seixas,Paul Seixas,strade-bianche,Strade Bianche,2026,2026-03-07,2,,Decathlon CMA CGM Team,19,400.0,150.0,1:00
isaac-del-toro,Isaac Del Toro,strade-bianche,Strade Bianche,2026,2026-03-07,3,,UAE Team Emirates - XRG,22,325.0,110.0,1:09
gianni-vermeersch,Gianni Vermeersch,strade-bianche,Strade Bianche,2026,2026-03-07,5,,Red Bull - BORA - hansgrohe,33,225.0,80.0,2:04
jan-christen,Jan Christen,strade-bianche,Strade Bianche,2026,2026-03-07,6,,UAE Team Emirates - XRG,21,175.0,70.0,2:07
tom-pidcock,Tom Pidcock,strade-bianche,Strade Bianche,2026,2026-03-07,7,,Pinarello Q36.5 Pro Cycling Team,26,150.0,60.0,2:14
matteo-jorgenson,Matteo Jorgenson,strade-bianche,Strade Bianche,2026,2026-03-07,8,,Team Visma | Lease a Bike,26,125.0,50.0,2:20
andreas-kron,Andreas Kron,strade-bianche,Strade Bianche,2026,2026-03-07,9,,Uno-X Mobility,27,100.0,46.0,3:46
wout-van-aert,Wout Van Aert,strade-bianche,Strade Bianche,2026,2026-03-07,10,,Team Visma | Lease a Bike,31,85.0,42.0,3:46
jordan-labrosse,Jordan Labrosse,strade-bianche,Strade Bianche,2026,2026-03-07,11,,Decathlon CMA CGM Team,23,70.0,38.0,3:46
ben-healy,Ben Healy,strade-bianche,Strade Bianche,2026,2026-03-07,12,,EF Education - EasyPost,25,60.0,34.0,3:52
michael-valgren-andersen,Michael Valgren,strade-bianche,Strade Bianche,2026,2026-03-07,13,,EF Education - EasyPost,34,50.0,30.0,4:10
tobias-halland-johannessen,Tobias Halland Johannessen,strade-bianche,Strade Bianche,2026,2026-03-07,23,,Uno-X Mobility,26,20.0,12.0,9:32
matej-mohoric,Matej Mohorič,strade-bianche,Strade Bianche,2026,2026-03-07,24,,Bahrain - Victorious,31,20.0,11.0,9:39
afonso-eulalio,Afonso Eulálio,strade-bianche,Strade Bianche,2026,2026-03-07,27,,Bahrain - Victorious,24,20.0,8.0,9:55
guillermo-thomas-silva-coussan,Guillermo Thomas Silva,strade-bianche,Strade Bianche,2026,2026-03-07,34,,XDS Astana Team,24,10.0,5.0,10:01
mark-donovan,Mark Donovan,strade-bianche,Strade Bianche,2026,2026-03-07,38,,Pinarello Q36.5 Pro Cycling Team,26,10.0,5.0,10:03
felix-grossschartner,Felix Großschartner,strade-bianche,Strade Bianche,2026,2026-03-07,52,,UAE Team Emirates - XRG,32,5.0,5.0,10:28
jack-haig,Jack Haig,strade-bianche,Strade Bianche,2026,2026-03-07,53,,INEOS Grenadiers,32,5.0,5.0,10:28
kevin-vermaerke,Kevin Vermaerke,strade-bianche,Strade Bianche,2026,2026-03-07,54,,UAE Team Emirates - XRG,25,5.0,5.0,10:28
james-shaw,James Shaw,strade-bianche,Strade Bianche,2026,2026-03-07,56,,EF Education - EasyPost,29,3.0,5.0,10:28
quinn-simmons,Quinn Simmons,strade-bianche,Strade Bianche,2026,2026-03-07,63,,Lidl - Trek,24,,5.0,12:02
mikkel-honore,Mikkel Frølich Honoré,strade-bianche,Strade Bianche,2026,2026-03-07,67,,EF Education - EasyPost,29,,5.0,12:50
attila-valter,Attila Valter,strade-bianche,Strade Bianche,2026,2026-03-07,70,,Bahrain - Victorious,27,,5.0,12:56
brandon-smith-rivera-vargas,Brandon Smith Rivera,strade-bianche,Strade Bianche,2026,2026-03-07,75,,INEOS Grenadiers,29,,5.0,14:17
mattia-cattaneo,Mattia Cattaneo,strade-bianche,Strade Bianche,2026,2026-03-07,77,,Red Bull - BORA - hansgrohe,35,,5.0,14:42
giulio-pellizzari,Giulio Pellizzari,strade-bianche,Strade Bianche,2026,2026-03-07,79,,Red Bull - BORA - hansgrohe,22,,5.0,14:44
patrick-konrad,Patrick Konrad,strade-bianche,Strade Bianche,2026,2026-03-07,81,,Lidl - Trek,34,,5.0,14:54
pier-andre-cote,Pier-André Côté,strade-bianche,Strade Bianche,2026,2026-03-07,82,,NSN Cycling Team,28,,5.0,16:13
pavel-novak,Pavel Novák,strade-bianche,Strade Bianche,2026,2026-03-07,95,,Movistar Team,21,,5.0,21:14
lawrence-warbasse,Larry Warbasse,strade-bianche,Strade Bianche,2026,2026-03-07,100,,Tudor Pro Cycling Team,35,,5.0,21:14
alberto-bettiol,Alberto Bettiol,strade-bianche,Strade Bianche,2026,2026-03-07,103,,XDS Astana Team,32,,5.0,21:14
anders-skaarseth,Anders Skaarseth,strade-bianche,Strade Bianche,2026,2026-03-07,107,,Uno-X Mobility,30,,5.0,21:14
artem-shmidt,Artem Shmidt,strade-bianche,Strade Bianche,2026,2026-03-07,112,,INEOS Grenadiers,22,,5.0,21:14
martin-svrcek,Martin Svrček,strade-bianche,Strade Bianche,2026,2026-03-07,115,,Soudal Quick-Step,23,,5.0,22:23
bauke-mollema,Bauke Mollema,strade-bianche,Strade Bianche,2026,2026-03-07,117,,Lidl - Trek,39,,5.0,22:46
gal-glivar,Gal Glivar,strade-bianche,Strade Bianche,2026,2026-03-07,,DNF,Alpecin - Premier Tech,23,,,
anton-kuzmin,Anton Kuzmin,strade-bianche,Strade Bianche,2026,2026-03-07,,DNF,XDS Astana Team,29,,,
quinten-hermans,Quinten Hermans,strade-bianche,Strade Bianche,2026,2026-03-07,,DNF,Pinarello Q36.5 Pro Cycling Team,30,,,
george-bennett,George Bennett,strade-bianche,Strade Bianche,2026,2026-03-07,,DNF,NSN Cycling Team,35,,,
remco-evenepoel,Remco Evenepoel,san-sebastian,San Sebastián,2023,2023-07-29,1,,Soudal Quick-Step,23,400.0,225.0,5:30:59
neilson-powless,Neilson Powless,san-sebastian,San Sebastián,2023,2023-07-29,4,,EF Education - EasyPost,26,220.0,90.0,2:50
toms-skujins,Toms Skujiņš,san-sebastian,San Sebastián,2023,2023-07-29,6,,Lidl - Trek,32,140.0,70.0,3:02
tiesj-benoot,Tiesj Benoot,san-sebastian,San Sebastián,2023,2023-07-29,10,,Jumbo-Visma,29,68.0,42.0,3:02
juan-ayuso-pesquera,Juan Ayuso,san-sebastian,San Sebastián,2023,2023-07-29,11,,UAE Team Emirates,20,56.0,38.0,3:02
alberto-bettiol,Alberto Bettiol,san-sebastian,San Sebastián,2023,2023-07-29,12,,EF Education - EasyPost,29,48.0,34.0,3:02
marc-hirschi,Marc Hirschi,san-sebastian,San Sebastián,2023,2023-07-29,13,,UAE Team Emirates,24,40.0,30.0,3:02
felix-gall,Felix Gall,san-sebastian,San Sebastián,2023,2023-07-29,20,,AG2R Citroën Team,25,24.0,15.0,3:02
kevin-vermaerke,Kevin Vermaerke,san-sebastian,San Sebastián,2023,2023-07-29,21,,Team dsm - firmenich,22,16.0,14.0,3:41
george-bennett,George Bennett,san-sebastian,San Sebastián,2023,2023-07-29,23,,UAE Team Emirates,33,16.0,12.0,3:59
alex-baudin,Alex Baudin,san-sebastian,San Sebastián,2023,2023-07-29,29,,AG2R Citroën Team,22,16.0,6.0,7:12
ben-healy,Ben Healy,san-sebastian,San Sebastián,2023,2023-07-29,45,,EF Education - EasyPost,22,8.0,5.0,9:29
bauke-mollema,Bauke Mollema,san-sebastian,San Sebastián,2023,2023-07-29,50,,Lidl - Trek,36,8.0,5.0,11:39
santiago-buitrago-sanchez,Santiago Buitrago,san-sebastian,San Sebastián,2023,2023-07-29,61,,Bahrain - Victorious,23,,5.0,14:05
jhonatan-narvaez,Jhonatan Narváez,san-sebastian,San Sebastián,2023,2023-07-29,72,,INEOS Grenadiers,26,,5.0,17:35
maximilian-schachmann,Maximilian Schachmann,san-sebastian,San Sebastián,2023,2023-07-29,74,,BORA - hansgrohe,29,,5.0,17:35
ivan-romeo,Iván Romeo,san-sebastian,San Sebastián,2023,2023-07-29,79,,Movistar Team,19,,5.0,20:00
eric-antonio-fagundez,Eric Antonio Fagúndez,san-sebastian,San Sebastián,2023,2023-07-29,81,,Burgos - BH,24,,5.0,20:00
felix-engelhardt,Felix Engelhardt,san-sebastian,San Sebastián,2023,2023-07-29,85,,Team Jayco AlUla,22,,5.0,20:00
andreas-leknessund,Andreas Leknessund,san-sebastian,San Sebastián,2023,2023-07-29,90,,Team dsm - firmenich,24,,5.0,20:00
marco-brenner,Marco Brenner,san-sebastian,San Sebastián,2023,2023-07-29,93,,Team dsm - firmenich,20,,5.0,21:15
nicolas-prodhomme,Nicolas Prodhomme,san-sebastian,San Sebastián,2023,2023-07-29,,DNF,AG2R Citroën Team,26,,,
ben-o-connor,Ben O'Connor,san-sebastian,San Sebastián,2023,2023-07-29,,DNF,AG2R Citroën Team,27,,,
quinten-hermans,Quinten Hermans,san-sebastian,San Sebastián,2023,2023-07-29,,DNF,Alpecin - Deceuninck,28,,,
gianni-vermeersch,Gianni Vermeersch,san-sebastian,San Sebastián,2023,2023-07-29,,DNF,Alpecin - Deceuninck,30,,,
victor-langellotti,Victor Langellotti,san-sebastian,San Sebastián,2023,2023-07-29,,DNF,Burgos - BH,28,,,
bruno-armirail,Bruno Armirail,san-sebastian,San Sebastián,2023,2023-07-29,,DNF,Groupama - FDJ,29,,,
michael-matthews,Michael Matthews,san-sebastian,San Sebastián,2023,2023-07-29,,DNF,Team Jayco AlUla,32,,,
mathias-vacek,Mathias Vacek,san-sebastian,San Sebastián,2023,2023-07-29,,DNF,Lidl - Trek,21,,,
harold-tejada,Harold Tejada,san-sebastian,San Sebastián,2023,2023-07-29,,DNF,Astana Qazaqstan Team,26,,,
nico-denz,Nico Denz,san-sebastian,San Sebastián,2023,2023-07-29,,DNF,BORA - hansgrohe,29,,,
brandon-smith-rivera-vargas,Brandon Smith Rivera,san-sebastian,San Sebastián,2023,2023-07-29,,DNF,INEOS Grenadiers,27,,,
biniam-girmay,Biniam Girmay,san-sebastian,San Sebastián,2023,2023-07-29,,DNF,Intermarché - Circus - Wanty,23,,,
georg-zimmermann,Georg Zimmermann,san-sebastian,San Sebastián,2023,2023-07-29,,DNF,Intermarché - Circus - Wanty,25,,,
mathijs-paasschens,Mathijs Paasschens,san-sebastian,San Sebastián,2023,2023-07-29,,DNF,Lotto Dstny,27,,,
marc-hirschi,Marc Hirschi,san-sebastian,San Sebastián,2024,2024-08-10,1,,UAE Team Emirates,25,400.0,225.0,5:46:12
kevin-vermaerke,Kevin Vermaerke,san-sebastian,San Sebastián,2024,2024-08-10,4,,Team dsm-firmenich PostNL,23,220.0,90.0,0:17
jhonatan-narvaez,Jhonatan Narváez,san-sebastian,San Sebastián,2024,2024-08-10,5,,INEOS Grenadiers,27,180.0,80.0,0:25
neilson-powless,Neilson Powless,san-sebastian,San Sebastián,2024,2024-08-10,6,,EF Education - EasyPost,27,140.0,70.0,0:25
patrick-konrad,Patrick Konrad,san-sebastian,San Sebastián,2024,2024-08-10,7,,Lidl - Trek,32,120.0,60.0,0:25
michael-woods,Michael Woods,san-sebastian,San Sebastián,2024,2024-08-10,8,,Israel - Premier Tech,37,100.0,50.0,0:25
jan-christen,Jan Christen,san-sebastian,San Sebastián,2024,2024-08-10,9,,UAE Team Emirates,20,80.0,46.0,0:36
brandon-mcnulty,Brandon Mcnulty,san-sebastian,San Sebastián,2024,2024-08-10,10,,UAE Team Emirates,26,68.0,42.0,0:37
ben-o-connor,Ben O'Connor,san-sebastian,San Sebastián,2024,2024-08-10,11,,Decathlon AG2R La Mondiale Team,28,56.0,38.0,0:37
george-bennett,George Bennett,san-sebastian,San Sebastián,2024,2024-08-10,12,,Israel - Premier Tech,34,48.0,34.0,0:37
jefferson-cepeda-hernandez,Jefferson Alveiro Cepeda,san-sebastian,San Sebastián,2024,2024-08-10,13,,Caja Rural - Seguros RGA,28,40.0,30.0,0:37
florian-lipowitz,Florian Lipowitz,san-sebastian,San Sebastián,2024,2024-08-10,15,,Red Bull - BORA - hansgrohe,23,28.0,22.0,0:53
andreas-kron,Andreas Kron,san-sebastian,San Sebastián,2024,2024-08-10,16,,Lotto Dstny,26,24.0,20.0,1:34
maxim-van-gils,Maxim Van Gils,san-sebastian,San Sebastián,2024,2024-08-10,18,,Lotto Dstny,24,24.0,17.0,2:17
pavel-sivakov,Pavel Sivakov,san-sebastian,San Sebastián,2024,2024-08-10,19,,UAE Team Emirates,27,24.0,16.0,2:17
tobias-halland-johannessen,Tobias Halland Johannessen,san-sebastian,San Sebastián,2024,2024-08-10,24,,Uno-X Mobility,24,16.0,11.0,3:53
jordan-jegat,Jordan Jegat,san-sebastian,San Sebastián,2024,2024-08-10,27,,TotalEnergies,25,16.0,8.0,3:53
lawrence-warbasse,Larry Warbasse,san-sebastian,San Sebastián,2024,2024-08-10,29,,Decathlon AG2R La Mondiale Team,34,16.0,6.0,3:53
jack-haig,Jack Haig,san-sebastian,San Sebastián,2024,2024-08-10,30,,Bahrain - Victorious,30,16.0,5.0,3:53
anthon-charmig,Anthon Charmig,san-sebastian,San Sebastián,2024,2024-08-10,32,,Astana Qazaqstan Team,26,8.0,5.0,3:53
giulio-ciccone,Giulio Ciccone,san-sebastian,San Sebastián,2024,2024-08-10,35,,Lidl - Trek,29,8.0,5.0,3:56
ivan-romeo,Iván Romeo,san-sebastian,San Sebastián,2024,2024-08-10,38,,Movistar Team,20,8.0,5.0,4:18
santiago-buitrago-sanchez,Santiago Buitrago,san-sebastian,San Sebastián,2024,2024-08-10,42,,Bahrain - Victorious,24,8.0,5.0,4:20
nicolas-prodhomme,Nicolas Prodhomme,san-sebastian,San Sebastián,2024,2024-08-10,43,,Decathlon AG2R La Mondiale Team,27,8.0,5.0,4:21
isaac-del-toro,Isaac Del Toro,san-sebastian,San Sebastián,2024,2024-08-10,49,,UAE Team Emirates,20,8.0,5.0,5:06
alex-baudin,Alex Baudin,san-sebastian,San Sebastián,2024,2024-08-10,59,,Decathlon AG2R La Mondiale Team,23,2.0,5.0,6:58
sergio-higuita,Sergio Higuita,san-sebastian,San Sebastián,2024,2024-08-10,69,,Red Bull - BORA - hansgrohe,27,,5.0,8:36
guillermo-thomas-silva-coussan,Guillermo Thomas Silva,san-sebastian,San Sebastián,2024,2024-08-10,76,,Caja Rural - Seguros RGA,22,,5.0,11:53
amanuel-ghebreigzabhier,Amanuel Ghebreigzabhier,san-sebastian,San Sebastián,2024,2024-08-10,80,,Lidl - Trek,29,,5.0,13:21
jordan-labrosse,Jordan Labrosse,san-sebastian,San Sebastián,2024,2024-08-10,,DNF,Decathlon AG2R La Mondiale Team,21,,,
gianni-vermeersch,Gianni Vermeersch,san-sebastian,San Sebastián,2024,2024-08-10,,DNF,Alpecin - Deceuninck,31,,,
igor-arrieta-lizarraga,Igor Arrieta,san-sebastian,San Sebastián,2024,2024-08-10,,DNF,UAE Team Emirates,21,,,
daniil-marukhin,Daniil Marukhin,san-sebastian,San Sebastián,2024,2024-08-10,,DNF,Astana Qazaqstan Team,25,,,
kasper-asgreen,Kasper Asgreen,san-sebastian,San Sebastián,2024,2024-08-10,,DNF,Soudal Quick-Step,29,,,
mattia-cattaneo,Mattia Cattaneo,san-sebastian,San Sebastián,2024,2024-08-10,,DNF,Soudal Quick-Step,33,,,
anders-skaarseth,Anders Skaarseth,san-sebastian,San Sebastián,2024,2024-08-10,,DNF,Uno-X Mobility,29,,,
michael-leonard1,Michael Leonard,san-sebastian,San Sebastián,2024,2024-08-10,,DNF,INEOS Grenadiers,20,,,
finlay-pickering,Finlay Pickering,san-sebastian,San Sebastián,2024,2024-08-10,,DNF,Bahrain - Victorious,21,,,
markel-beloki,Markel Beloki,san-sebastian,San Sebastián,2024,2024-08-10,,DNF,EF Education - EasyPost,19,,,
sean-quinn,Sean Quinn,san-sebastian,San Sebastián,2024,2024-08-10,,DNF,EF Education - EasyPost,24,,,
giulio-ciccone,Giulio Ciccone,san-sebastian,San Sebastián,2025,2025-08-02,1,,Lidl - Trek,30,400.0,225.0,5:05:33
jan-christen,Jan Christen,san-sebastian,San Sebastián,2025,2025-08-02,2,,UAE Team Emirates - XRG,21,320.0,150.0,0:09
maxim-van-gils,Maxim Van Gils,san-sebastian,San Sebastián,2025,2025-08-02,3,,Red Bull - BORA - hansgrohe,25,260.0,110.0,0:19
tiesj-benoot,Tiesj Benoot,san-sebastian,San Sebastián,2025,2025-08-02,4,,Team Visma | Lease a Bike,31,220.0,90.0,0:19
isaac-del-toro,Isaac Del Toro,san-sebastian,San Sebastián,2025,2025-08-02,5,,UAE Team Emirates - XRG,21,180.0,80.0,0:19
neilson-powless,Neilson Powless,san-sebastian,San Sebastián,2025,2025-08-02,6,,EF Education - EasyPost,28,140.0,70.0,0:19
christian-scaroni,Christian Scaroni,san-sebastian,San Sebastián,2025,2025-08-02,8,,XDS Astana Team,27,100.0,50.0,1:09
mauro-schmid,Mauro Schmid,san-sebastian,San Sebastián,2025,2025-08-02,11,,Team Jayco AlUla,25,56.0,38.0,2:01
andreas-kron,Andreas Kron,san-sebastian,San Sebastián,2025,2025-08-02,12,,Uno-X Mobility,27,48.0,34.0,2:01
oscar-onley,Oscar Onley,san-sebastian,San Sebastián,2025,2025-08-02,13,,Team Picnic PostNL,22,40.0,30.0,2:01
nicolas-prodhomme,Nicolas Prodhomme,san-sebastian,San Sebastián,2025,2025-08-02,16,,Decathlon AG2R La Mondiale Team,28,24.0,20.0,2:01
anthon-charmig,Anthon Charmig,san-sebastian,San Sebastián,2025,2025-08-02,18,,XDS Astana Team,27,24.0,17.0,2:01
primoz-roglic,Primož Roglič,san-sebastian,San Sebastián,2025,2025-08-02,22,,Red Bull - BORA - hansgrohe,35,16.0,13.0,2:01
marc-hirschi,Marc Hirschi,san-sebastian,San Sebastián,2025,2025-08-02,25,,Tudor Pro Cycling Team,26,16.0,10.0,2:23
james-shaw,James Shaw,san-sebastian,San Sebastián,2025,2025-08-02,26,,EF Education - EasyPost,29,16.0,9.0,2:23
quinten-hermans,Quinten Hermans,san-sebastian,San Sebastián,2025,2025-08-02,32,,Alpecin - Deceuninck,30,8.0,5.0,2:58
jorgen-nordhagen,Jørgen Nordhagen,san-sebastian,San Sebastián,2025,2025-08-02,33,,Team Visma | Lease a Bike,20,8.0,5.0,2:58
juan-ayuso-pesquera,Juan Ayuso,san-sebastian,San Sebastián,2025,2025-08-02,39,,UAE Team Emirates - XRG,22,8.0,5.0,4:17
toms-skujins,Toms Skujiņš,san-sebastian,San Sebastián,2025,2025-08-02,43,,Lidl - Trek,34,8.0,5.0,5:41
victor-langellotti,Victor Langellotti,san-sebastian,San Sebastián,2025,2025-08-02,48,,INEOS Grenadiers,30,8.0,5.0,5:44
tobias-halland-johannessen,Tobias Halland Johannessen,san-sebastian,San Sebastián,2025,2025-08-02,49,,Uno-X Mobility,25,8.0,5.0,6:08
kevin-vermaerke,Kevin Vermaerke,san-sebastian,San Sebastián,2025,2025-08-02,51,,Team Picnic PostNL,24,4.0,5.0,6:16
lawrence-warbasse,Larry Warbasse,san-sebastian,San Sebastián,2025,2025-08-02,53,,Tudor Pro Cycling Team,35,4.0,5.0,6:16
attila-valter,Attila Valter,san-sebastian,San Sebastián,2025,2025-08-02,57,,Team Visma | Lease a Bike,27,2.0,5.0,6:16
igor-arrieta-lizarraga,Igor Arrieta,san-sebastian,San Sebastián,2025,2025-08-02,65,,UAE Team Emirates - XRG,22,,5.0,6:21
amanuel-ghebreigzabhier,Amanuel Ghebreigzabhier,san-sebastian,San Sebastián,2025,2025-08-02,69,,Lidl - Trek,30,,5.0,7:15
jordan-labrosse,Jordan Labrosse,san-sebastian,San Sebastián,2025,2025-08-02,72,,Decathlon AG2R La Mondiale Team,22,,5.0,7:15
jefferson-cepeda-hernandez,Jefferson Alveiro Cepeda,san-sebastian,San Sebastián,2025,2025-08-02,73,,Movistar Team,29,,5.0,7:15
menno-huising,Menno Huising,san-sebastian,San Sebastián,2025,2025-08-02,75,,Team Visma | Lease a Bike,21,,5.0,8:54
jefferson-alexander-cepeda,Jefferson Alexander Cepeda,san-sebastian,San Sebastián,2025,2025-08-02,85,,EF Education - EasyPost,27,,5.0,10:57
michal-kwiatkowski,Michał Kwiatkowski,san-sebastian,San Sebastián,2025,2025-08-02,89,,INEOS Grenadiers,35,,5.0,13:49
carlos-verona,Carlos Verona,san-sebastian,San Sebastián,2025,2025-08-02,98,,Lidl - Trek,32,,5.0,13:49
michael-leonard1,Michael Leonard,san-sebastian,San Sebastián,2025,2025-08-02,100,,INEOS Grenadiers,21,,5.0,13:49
anders-skaarseth,Anders Skaarseth,san-sebastian,San Sebastián,2025,2025-08-02,103,,Uno-X Mobility,30,,5.0,13:49
merhawi-kudus,Merhawi Kudus,san-sebastian,San Sebastián,2025,2025-08-02,,DNF,Burgos Burpellet BH,31,,,
quinn-simmons,Quinn Simmons,san-sebastian,San Sebastián,2025,2025-08-02,,DNF,Lidl - Trek,24,,,
anton-kuzmin,Anton Kuzmin,san-sebastian,San Sebastián,2025,2025-08-02,,DNF,XDS Astana Team,28,,,
nico-denz,Nico Denz,san-sebastian,San Sebastián,2025,2025-08-02,,DNF,Red Bull - BORA - hansgrohe,31,,,
giulio-pellizzari,Giulio Pellizzari,san-sebastian,San Sebastián,2025,2025-08-02,,DNF,Red Bull - BORA - hansgrohe,21,,,
nairo-quintana,Nairo Quintana,san-sebastian,San Sebastián,2025,2025-08-02,,DNF,Movistar Team,35,,,
mathijs-paasschens,Mathijs Paasschens,san-sebastian,San Sebastián,2025,2025-08-02,,DNF,Bahrain - Victorious,29,,,
remco-evenepoel,Remco Evenepoel,san-sebastian,San Sebastián,2026,2026-08-01,1,,Red Bull - BORA - hansgrohe,26,400.0,225.0,5:23:10
christian-scaroni,Christian Scaroni,san-sebastian,San Sebastián,2026,2026-08-01,4,,XDS Astana Team,28,220.0,90.0,0:29
giulio-ciccone,Giulio Ciccone,san-sebastian,San Sebastián,2026,2026-08-01,6,,Lidl - Trek,31,140.0,70.0,0:29
jan-christen,Jan Christen,san-sebastian,San Sebastián,2026,2026-08-01,7,,UAE Team Emirates - XRG,22,120.0,60.0,0:29
marc-hirschi,Marc Hirschi,san-sebastian,San Sebastián,2026,2026-08-01,8,,Tudor Pro Cycling Team,27,100.0,50.0,0:29
marcel-camprubi,Marcel Camprubí,san-sebastian,San Sebastián,2026,2026-08-01,9,,Pinarello Q36.5 Pro Cycling Team,24,80.0,46.0,0:29
quinten-hermans,Quinten Hermans,san-sebastian,San Sebastián,2026,2026-08-01,11,,Pinarello Q36.5 Pro Cycling Team,31,56.0,38.0,0:29
matteo-jorgenson,Matteo Jorgenson,san-sebastian,San Sebastián,2026,2026-08-01,12,,Team Visma | Lease a Bike,27,48.0,34.0,0:29
kevin-vermaerke,Kevin Vermaerke,san-sebastian,San Sebastián,2026,2026-08-01,13,,UAE Team Emirates - XRG,25,40.0,30.0,0:29
enric-mas,Enric Mas,san-sebastian,San Sebastián,2026,2026-08-01,17,,Movistar Team,31,24.0,18.0,0:29
felix-gall,Felix Gall,san-sebastian,San Sebastián,2026,2026-08-01,18,,Decathlon CMA CGM Team,28,24.0,17.0,0:29
maxim-van-gils,Maxim Van Gils,san-sebastian,San Sebastián,2026,2026-08-01,21,,Red Bull - BORA - hansgrohe,26,16.0,14.0,0:58
brandon-smith-rivera-vargas,Brandon Smith Rivera,san-sebastian,San Sebastián,2026,2026-08-01,24,,Netcompany INEOS,30,16.0,11.0,1:08
jack-haig,Jack Haig,san-sebastian,San Sebastián,2026,2026-08-01,25,,Netcompany INEOS,32,16.0,10.0,1:56
darren-rafferty,Darren Rafferty,san-sebastian,San Sebastián,2026,2026-08-01,27,,EF Education - EasyPost,23,16.0,8.0,2:20
igor-arrieta-lizarraga,Igor Arrieta,san-sebastian,San Sebastián,2026,2026-08-01,28,,UAE Team Emirates - XRG,23,16.0,7.0,2:20
jordan-labrosse,Jordan Labrosse,san-sebastian,San Sebastián,2026,2026-08-01,31,,Decathlon CMA CGM Team,23,8.0,5.0,2:55
bart-lemmen,Bart Lemmen,san-sebastian,San Sebastián,2026,2026-08-01,33,,Team Visma | Lease a Bike,30,8.0,5.0,4:44
mauro-schmid,Mauro Schmid,san-sebastian,San Sebastián,2026,2026-08-01,34,,Team Jayco AlUla,26,8.0,5.0,4:44
jhonatan-narvaez,Jhonatan Narváez,san-sebastian,San Sebastián,2026,2026-08-01,35,,UAE Team Emirates - XRG,29,8.0,5.0,4:44
guillermo-thomas-silva-coussan,Guillermo Thomas Silva,san-sebastian,San Sebastián,2026,2026-08-01,38,,XDS Astana Team,24,8.0,5.0,6:21
patrick-konrad,Patrick Konrad,san-sebastian,San Sebastián,2026,2026-08-01,43,,Lidl - Trek,34,8.0,5.0,6:44
afonso-eulalio,Afonso Eulálio,san-sebastian,San Sebastián,2026,2026-08-01,47,,Bahrain - Victorious,24,8.0,5.0,6:44
derek-gee,Derek Gee-West,san-sebastian,San Sebastián,2026,2026-08-01,52,,Lidl - Trek,28,4.0,5.0,6:44
finlay-pickering,Finlay Pickering,san-sebastian,San Sebastián,2026,2026-08-01,59,,Team Jayco AlUla,23,2.0,5.0,7:59
george-bennett,George Bennett,san-sebastian,San Sebastián,2026,2026-08-01,61,,NSN Cycling Team,36,,5.0,7:59
james-shaw,James Shaw,san-sebastian,San Sebastián,2026,2026-08-01,77,,EF Education - EasyPost,30,,5.0,9:13
pavel-sivakov,Pavel Sivakov,san-sebastian,San Sebastián,2026,2026-08-01,78,,UAE Team Emirates - XRG,29,,5.0,9:16
toms-skujins,Toms Skujiņš,san-sebastian,San Sebastián,2026,2026-08-01,80,,Lidl - Trek,35,,5.0,10:25
ben-healy,Ben Healy,san-sebastian,San Sebastián,2026,2026-08-01,85,,EF Education - EasyPost,25,,5.0,10:25
giulio-pellizzari,Giulio Pellizzari,san-sebastian,San Sebastián,2026,2026-08-01,89,,Red Bull - BORA - hansgrohe,22,,5.0,11:17
nairo-quintana,Nairo Quintana,san-sebastian,San Sebastián,2026,2026-08-01,94,,Movistar Team,36,,5.0,13:07
hugo-houle,Hugo Houle,san-sebastian,San Sebastián,2026,2026-08-01,,DNF,Alpecin - Premier Tech,35,,,
gal-glivar,Gal Glivar,san-sebastian,San Sebastián,2026,2026-08-01,,DNF,Alpecin - Premier Tech,24,,,
eric-antonio-fagundez,Eric Antonio Fagúndez,san-sebastian,San Sebastián,2026,2026-08-01,,DNF,Burgos Burpellet BH,27,,,
bauke-mollema,Bauke Mollema,san-sebastian,San Sebastián,2026,2026-08-01,,DNF,Lidl - Trek,39,,,
anton-kuzmin,Anton Kuzmin,san-sebastian,San Sebastián,2026,2026-08-01,,DNF,XDS Astana Team,29,,,
nickolas-zukowsky,Nickolas Zukowsky,san-sebastian,San Sebastián,2026,2026-08-01,,DNF,Pinarello Q36.5 Pro Cycling Team,28,,,
martin-svrcek,Martin Svrček,san-sebastian,San Sebastián,2026,2026-08-01,,DNF,Soudal Quick-Step,23,,,
pavel-novak,Pavel Novák,san-sebastian,San Sebastián,2026,2026-08-01,,DNF,Movistar Team,21,,,
mathijs-paasschens,Mathijs Paasschens,san-sebastian,San Sebastián,2026,2026-08-01,,DNF,Bahrain - Victorious,30,,,
attila-valter,Attila Valter,san-sebastian,San Sebastián,2026,2026-08-01,,DNF,Bahrain - Victorious,28,,,
michael-leonard1,Michael Leonard,san-sebastian,San Sebastián,2026,2026-08-01,,DNF,EF Education - EasyPost,22,,,
sean-quinn,Sean Quinn,san-sebastian,San Sebastián,2026,2026-08-01,,DNF,EF Education - EasyPost,26,,,
corbin-strong,Corbin Strong,gp-quebec,GP Québec,2023,2023-09-08,2,,Israel - Premier Tech,23,400.0,150.0,0:00
michael-matthews,Michael Matthews,gp-quebec,GP Québec,2023,2023-09-08,3,,Team Jayco AlUla,32,325.0,110.0,0:00
matej-mohoric,Matej Mohorič,gp-quebec,GP Québec,2023,2023-09-08,5,,Bahrain - Victorious,28,225.0,80.0,0:00
marc-hirschi,Marc Hirschi,gp-quebec,GP Québec,2023,2023-09-08,8,,UAE Team Emirates,25,125.0,50.0,0:00
quinten-hermans,Quinten Hermans,gp-quebec,GP Québec,2023,2023-09-08,13,,Alpecin - Deceuninck,28,50.0,30.0,0:00
adam-yates,Adam Yates,gp-quebec,GP Québec,2023,2023-09-08,17,,UAE Team Emirates,31,30.0,18.0,0:00
neilson-powless,Neilson Powless,gp-quebec,GP Québec,2023,2023-09-08,20,,EF Education - EasyPost,27,30.0,15.0,0:00
kevin-vermaerke,Kevin Vermaerke,gp-quebec,GP Québec,2023,2023-09-08,21,,Team dsm - firmenich,22,20.0,14.0,0:00
toms-skujins,Toms Skujiņš,gp-quebec,GP Québec,2023,2023-09-08,28,,Lidl - Trek,32,20.0,7.0,0:00
mikkel-honore,Mikkel Frølich Honoré,gp-quebec,GP Québec,2023,2023-09-08,31,,EF Education - EasyPost,26,10.0,5.0,0:00
biniam-girmay,Biniam Girmay,gp-quebec,GP Québec,2023,2023-09-08,38,,Intermarché - Circus - Wanty,23,10.0,5.0,0:00
matteo-jorgenson,Matteo Jorgenson,gp-quebec,GP Québec,2023,2023-09-08,42,,Movistar Team,24,10.0,5.0,0:08
tiesj-benoot,Tiesj Benoot,gp-quebec,GP Québec,2023,2023-09-08,46,,Jumbo-Visma,29,10.0,5.0,0:10
brandon-mcnulty,Brandon Mcnulty,gp-quebec,GP Québec,2023,2023-09-08,47,,UAE Team Emirates,25,10.0,5.0,0:10
jack-haig,Jack Haig,gp-quebec,GP Québec,2023,2023-09-08,48,,Bahrain - Victorious,30,10.0,5.0,0:10
michael-woods,Michael Woods,gp-quebec,GP Québec,2023,2023-09-08,49,,Israel - Premier Tech,36,10.0,5.0,0:10
hugo-houle,Hugo Houle,gp-quebec,GP Québec,2023,2023-09-08,50,,Israel - Premier Tech,32,10.0,5.0,0:13
maxim-van-gils,Maxim Van Gils,gp-quebec,GP Québec,2023,2023-09-08,52,,Lotto Dstny,23,5.0,5.0,0:15
pavel-sivakov,Pavel Sivakov,gp-quebec,GP Québec,2023,2023-09-08,53,,INEOS Grenadiers,26,5.0,5.0,0:17
jai-hindley,Jai Hindley,gp-quebec,GP Québec,2023,2023-09-08,62,,BORA - hansgrohe,27,,5.0,0:54
pier-andre-cote,Pier-André Côté,gp-quebec,GP Québec,2023,2023-09-08,66,,Canada,26,,5.0,1:27
tim-van-dijke,Tim Van Dijke,gp-quebec,GP Québec,2023,2023-09-08,71,,Jumbo-Visma,23,,5.0,1:43
michal-kwiatkowski,Michał Kwiatkowski,gp-quebec,GP Québec,2023,2023-09-08,72,,INEOS Grenadiers,33,,5.0,1:45
mauro-schmid,Mauro Schmid,gp-quebec,GP Québec,2023,2023-09-08,75,,Soudal Quick-Step,23,,5.0,1:45
pascal-eenkhoorn,Pascal Eenkhoorn,gp-quebec,GP Québec,2023,2023-09-08,81,,Lotto Dstny,26,,5.0,3:12
ben-healy,Ben Healy,gp-quebec,GP Québec,2023,2023-09-08,84,,EF Education - EasyPost,22,,5.0,3:41
ben-o-connor,Ben O'Connor,gp-quebec,GP Québec,2023,2023-09-08,87,,AG2R Citroën Team,27,,5.0,4:05
derek-gee,Derek Gee-West,gp-quebec,GP Québec,2023,2023-09-08,105,,Israel - Premier Tech,26,,5.0,5:20
marco-brenner,Marco Brenner,gp-quebec,GP Québec,2023,2023-09-08,109,,Team dsm - firmenich,21,,5.0,5:20
mathijs-paasschens,Mathijs Paasschens,gp-quebec,GP Québec,2023,2023-09-08,111,,Lotto Dstny,27,,5.0,5:20
andreas-leknessund,Andreas Leknessund,gp-quebec,GP Québec,2023,2023-09-08,122,,Team dsm - firmenich,24,,5.0,8:02
arthur-kluckers,Arthur Kluckers,gp-quebec,GP Québec,2023,2023-09-08,123,,Tudor Pro Cycling Team,23,,5.0,8:02
emils-liepins,Emīls Liepiņš,gp-quebec,GP Québec,2023,2023-09-08,125,,Lidl - Trek,30,,5.0,9:01
mathias-vacek,Mathias Vacek,gp-quebec,GP Québec,2023,2023-09-08,130,,Lidl - Trek,21,,5.0,11:02
ivo-emanuel-alves,Ivo Oliveira,gp-quebec,GP Québec,2023,2023-09-08,134,,UAE Team Emirates,27,,5.0,11:02
alberto-bettiol,Alberto Bettiol,gp-quebec,GP Québec,2023,2023-09-08,,DNF,EF Education - EasyPost,29,,,
ivan-romeo,Iván Romeo,gp-quebec,GP Québec,2023,2023-09-08,,DNF,Movistar Team,20,,,
michael-matthews,Michael Matthews,gp-quebec,GP Québec,2024,2024-09-13,1,,Team Jayco AlUla,33,500.0,225.0,4:45:36
biniam-girmay,Biniam Girmay,gp-quebec,GP Québec,2024,2024-09-13,2,,Intermarché - Wanty,24,400.0,150.0,0:00
tiesj-benoot,Tiesj Benoot,gp-quebec,GP Québec,2024,2024-09-13,4,,Team Visma | Lease a Bike,30,275.0,90.0,0:00
bauke-mollema,Bauke Mollema,gp-quebec,GP Québec,2024,2024-09-13,6,,Lidl - Trek,37,175.0,70.0,0:00
neilson-powless,Neilson Powless,gp-quebec,GP Québec,2024,2024-09-13,8,,EF Education - EasyPost,28,125.0,50.0,0:00
gianni-vermeersch,Gianni Vermeersch,gp-quebec,GP Québec,2024,2024-09-13,12,,Alpecin - Deceuninck,31,60.0,34.0,0:00
alex-baudin,Alex Baudin,gp-quebec,GP Québec,2024,2024-09-13,14,,Decathlon AG2R La Mondiale Team,23,40.0,26.0,0:00
alberto-bettiol,Alberto Bettiol,gp-quebec,GP Québec,2024,2024-09-13,20,,Astana Qazaqstan Team,30,30.0,15.0,0:00
toms-skujins,Toms Skujiņš,gp-quebec,GP Québec,2024,2024-09-13,22,,Lidl - Trek,33,20.0,13.0,0:00
quinn-simmons,Quinn Simmons,gp-quebec,GP Québec,2024,2024-09-13,24,,Lidl - Trek,23,20.0,11.0,0:00
maximilian-schachmann,Maximilian Schachmann,gp-quebec,GP Québec,2024,2024-09-13,27,,Red Bull - BORA - hansgrohe,30,20.0,8.0,0:00
sergio-higuita,Sergio Higuita,gp-quebec,GP Québec,2024,2024-09-13,28,,Red Bull - BORA - hansgrohe,27,20.0,7.0,0:00
mikkel-honore,Mikkel Frølich Honoré,gp-quebec,GP Québec,2024,2024-09-13,29,,EF Education - EasyPost,27,20.0,6.0,0:00
matej-mohoric,Matej Mohorič,gp-quebec,GP Québec,2024,2024-09-13,30,,Bahrain - Victorious,29,20.0,5.0,0:00
matteo-jorgenson,Matteo Jorgenson,gp-quebec,GP Québec,2024,2024-09-13,35,,Team Visma | Lease a Bike,25,10.0,5.0,0:00
kevin-vermaerke,Kevin Vermaerke,gp-quebec,GP Québec,2024,2024-09-13,39,,Team dsm-firmenich PostNL,23,10.0,5.0,0:07
jai-hindley,Jai Hindley,gp-quebec,GP Québec,2024,2024-09-13,42,,Red Bull - BORA - hansgrohe,28,10.0,5.0,0:07
lawrence-warbasse,Larry Warbasse,gp-quebec,GP Québec,2024,2024-09-13,47,,Decathlon AG2R La Mondiale Team,34,10.0,5.0,0:11
tobias-halland-johannessen,Tobias Halland Johannessen,gp-quebec,GP Québec,2024,2024-09-13,52,,Uno-X Mobility,25,5.0,5.0,0:19
maxim-van-gils,Maxim Van Gils,gp-quebec,GP Québec,2024,2024-09-13,53,,Lotto Dstny,24,5.0,5.0,0:23
georg-zimmermann,Georg Zimmermann,gp-quebec,GP Québec,2024,2024-09-13,60,,Intermarché - Wanty,26,3.0,5.0,0:43
sean-quinn,Sean Quinn,gp-quebec,GP Québec,2024,2024-09-13,61,,EF Education - EasyPost,24,,5.0,0:43
anders-skaarseth,Anders Skaarseth,gp-quebec,GP Québec,2024,2024-09-13,63,,Uno-X Mobility,29,,5.0,0:47
hugo-houle,Hugo Houle,gp-quebec,GP Québec,2024,2024-09-13,67,,Israel - Premier Tech,33,,5.0,0:49
bart-lemmen,Bart Lemmen,gp-quebec,GP Québec,2024,2024-09-13,71,,Team Visma | Lease a Bike,28,,5.0,0:51
jan-tratnik,Jan Tratnik,gp-quebec,GP Québec,2024,2024-09-13,72,,Team Visma | Lease a Bike,34,,5.0,0:52
santiago-buitrago-sanchez,Santiago Buitrago,gp-quebec,GP Québec,2024,2024-09-13,83,,Bahrain - Victorious,24,,5.0,1:43
juan-ayuso-pesquera,Juan Ayuso,gp-quebec,GP Québec,2024,2024-09-13,89,,UAE Team Emirates,21,,5.0,2:12
artem-shmidt,Artem Shmidt,gp-quebec,GP Québec,2024,2024-09-13,95,,INEOS Grenadiers,20,,5.0,2:34
patrick-konrad,Patrick Konrad,gp-quebec,GP Québec,2024,2024-09-13,100,,Lidl - Trek,32,,5.0,3:54
derek-gee,Derek Gee-West,gp-quebec,GP Québec,2024,2024-09-13,110,,Israel - Premier Tech,27,,5.0,4:49
michael-valgren-andersen,Michael Valgren,gp-quebec,GP Québec,2024,2024-09-13,111,,EF Education - EasyPost,32,,5.0,5:19
michael-leonard1,Michael Leonard,gp-quebec,GP Québec,2024,2024-09-13,117,,INEOS Grenadiers,20,,5.0,8:00
igor-arrieta-lizarraga,Igor Arrieta,gp-quebec,GP Québec,2024,2024-09-13,,DNF,UAE Team Emirates,21,,,
finn-fisher-black,Finn Fisher-Black,gp-quebec,GP Québec,2024,2024-09-13,,DNF,UAE Team Emirates,22,,,
corbin-strong,Corbin Strong,gp-quebec,GP Québec,2024,2024-09-13,,DNF,Israel - Premier Tech,24,,,
matevz-govekar,Matevž Govekar,gp-quebec,GP Québec,2024,2024-09-13,,DNF,Bahrain - Victorious,24,,,
ben-healy,Ben Healy,gp-quebec,GP Québec,2024,2024-09-13,,DNF,EF Education - EasyPost,24,,,
pavel-sivakov,Pavel Sivakov,gp-quebec,GP Québec,2025,2025-09-12,2,,UAE Team Emirates - XRG,28,400.0,150.0,0:02
alberto-bettiol,Alberto Bettiol,gp-quebec,GP Québec,2025,2025-09-12,3,,XDS Astana Team,31,325.0,110.0,0:04
matej-mohoric,Matej Mohorič,gp-quebec,GP Québec,2025,2025-09-12,5,,Bahrain - Victorious,30,225.0,80.0,0:14
quinten-hermans,Quinten Hermans,gp-quebec,GP Québec,2025,2025-09-12,6,,Alpecin - Deceuninck,30,175.0,70.0,0:14
anthon-charmig,Anthon Charmig,gp-quebec,GP Québec,2025,2025-09-12,7,,XDS Astana Team,27,150.0,60.0,0:16
michael-matthews,Michael Matthews,gp-quebec,GP Québec,2025,2025-09-12,9,,Team Jayco AlUla,34,100.0,46.0,0:17
corbin-strong,Corbin Strong,gp-quebec,GP Québec,2025,2025-09-12,10,,Israel - Premier Tech,25,85.0,42.0,0:17
gianni-vermeersch,Gianni Vermeersch,gp-quebec,GP Québec,2025,2025-09-12,13,,Alpecin - Deceuninck,32,50.0,30.0,0:17
wout-van-aert,Wout Van Aert,gp-quebec,GP Québec,2025,2025-09-12,14,,Team Visma | Lease a Bike,30,40.0,26.0,0:17
alfred-wright,Fred Wright,gp-quebec,GP Québec,2025,2025-09-12,15,,Bahrain - Victorious,26,35.0,22.0,0:17
tiesj-benoot,Tiesj Benoot,gp-quebec,GP Québec,2025,2025-09-12,16,,Team Visma | Lease a Bike,31,30.0,20.0,0:17
jhonatan-narvaez,Jhonatan Narváez,gp-quebec,GP Québec,2025,2025-09-12,20,,UAE Team Emirates - XRG,28,30.0,15.0,0:17
biniam-girmay,Biniam Girmay,gp-quebec,GP Québec,2025,2025-09-12,23,,Intermarché - Wanty,25,20.0,12.0,0:17
neilson-powless,Neilson Powless,gp-quebec,GP Québec,2025,2025-09-12,25,,EF Education - EasyPost,29,20.0,10.0,0:22
adam-yates,Adam Yates,gp-quebec,GP Québec,2025,2025-09-12,28,,UAE Team Emirates - XRG,33,20.0,7.0,0:22
mauro-schmid,Mauro Schmid,gp-quebec,GP Québec,2025,2025-09-12,32,,Team Jayco AlUla,25,10.0,5.0,0:26
afonso-eulalio,Afonso Eulálio,gp-quebec,GP Québec,2025,2025-09-12,33,,Bahrain - Victorious,23,10.0,5.0,0:26
jan-tratnik,Jan Tratnik,gp-quebec,GP Québec,2025,2025-09-12,36,,Red Bull - BORA - hansgrohe,35,10.0,5.0,0:26
anders-skaarseth,Anders Skaarseth,gp-quebec,GP Québec,2025,2025-09-12,37,,Uno-X Mobility,30,10.0,5.0,0:36
quinn-simmons,Quinn Simmons,gp-quebec,GP Québec,2025,2025-09-12,40,,Lidl - Trek,24,10.0,5.0,0:47
hugo-houle,Hugo Houle,gp-quebec,GP Québec,2025,2025-09-12,44,,Israel - Premier Tech,34,10.0,5.0,1:02
alex-baudin,Alex Baudin,gp-quebec,GP Québec,2025,2025-09-12,46,,EF Education - EasyPost,24,10.0,5.0,1:14
lawrence-warbasse,Larry Warbasse,gp-quebec,GP Québec,2025,2025-09-12,48,,Tudor Pro Cycling Team,35,10.0,5.0,1:18
brandon-mcnulty,Brandon Mcnulty,gp-quebec,GP Québec,2025,2025-09-12,49,,UAE Team Emirates - XRG,27,10.0,5.0,1:18
patrick-konrad,Patrick Konrad,gp-quebec,GP Québec,2025,2025-09-12,50,,Lidl - Trek,33,10.0,5.0,1:18
artem-shmidt,Artem Shmidt,gp-quebec,GP Québec,2025,2025-09-12,51,,INEOS Grenadiers,21,5.0,5.0,1:18
mikkel-honore,Mikkel Frølich Honoré,gp-quebec,GP Québec,2025,2025-09-12,71,,EF Education - EasyPost,28,,5.0,4:04
mattia-cattaneo,Mattia Cattaneo,gp-quebec,GP Québec,2025,2025-09-12,72,,Soudal Quick-Step,34,,5.0,4:04
pascal-eenkhoorn,Pascal Eenkhoorn,gp-quebec,GP Québec,2025,2025-09-12,73,,Soudal Quick-Step,28,,5.0,4:04
tobias-halland-johannessen,Tobias Halland Johannessen,gp-quebec,GP Québec,2025,2025-09-12,77,,Uno-X Mobility,26,,5.0,4:16
embret-svestad-bardseng,Embret Svestad-Bårdseng,gp-quebec,GP Québec,2025,2025-09-12,87,,Arkéa - B&B Hotels,23,,5.0,6:33
henok-mulubrhan,Henok Mulubrhan,gp-quebec,GP Québec,2025,2025-09-12,94,,XDS Astana Team,25,,5.0,6:40
valentin-paret-peintre,Valentin Paret-Peintre,gp-quebec,GP Québec,2025,2025-09-12,111,,Soudal Quick-Step,24,,5.0,10:43
attila-valter,Attila Valter,gp-quebec,GP Québec,2025,2025-09-12,112,,Team Visma | Lease a Bike,27,,5.0,11:30
jorgen-nordhagen,Jørgen Nordhagen,gp-quebec,GP Québec,2025,2025-09-12,,DNF,Team Visma | Lease a Bike,20,,,
oscar-onley,Oscar Onley,gp-quebec,GP Québec,2025,2025-09-12,,DNF,Team Picnic PostNL,22,,,
laurence-pithie,Laurence Pithie,gp-quebec,GP Québec,2025,2025-09-12,,DNF,Red Bull - BORA - hansgrohe,23,,,
florian-lipowitz,Florian Lipowitz,gp-quebec,GP Québec,2025,2025-09-12,,DNF,Red Bull - BORA - hansgrohe,24,,,
michael-leonard1,Michael Leonard,gp-quebec,GP Québec,2025,2025-09-12,,DNF,INEOS Grenadiers,21,,,
darren-rafferty,Darren Rafferty,gp-quebec,GP Québec,2025,2025-09-12,,DNF,EF Education - EasyPost,22,,,
remco-evenepoel,Remco Evenepoel,gp-quebec,GP Québec,2026,2026-09-11,1,,Red Bull - BORA - hansgrohe,26,500.0,225.0,4:40:21
giulio-ciccone,Giulio Ciccone,gp-quebec,GP Québec,2026,2026-09-11,2,,Lidl - Trek,31,400.0,150.0,0:00
anthon-charmig,Anthon Charmig,gp-quebec,GP Québec,2026,2026-09-11,3,,Uno-X Mobility,28,325.0,110.0,0:15
tom-pidcock,Tom Pidcock,gp-quebec,GP Québec,2026,2026-09-11,4,,Pinarello Q36.5 Pro Cycling Team,27,275.0,90.0,0:28
quinn-simmons,Quinn Simmons,gp-quebec,GP Québec,2026,2026-09-11,5,,Lidl - Trek,25,225.0,80.0,0:30
michael-matthews,Michael Matthews,gp-quebec,GP Québec,2026,2026-09-11,6,,Team Jayco AlUla,35,175.0,70.0,0:35
matteo-jorgenson,Matteo Jorgenson,gp-quebec,GP Québec,2026,2026-09-11,8,,Team Visma | Lease a Bike,27,125.0,50.0,0:43
maximilian-schachmann,Maximilian Schachmann,gp-quebec,GP Québec,2026,2026-09-11,10,,Soudal Quick-Step,32,85.0,42.0,0:47
maxim-van-gils,Maxim Van Gils,gp-quebec,GP Québec,2026,2026-09-11,12,,Red Bull - BORA - hansgrohe,26,60.0,34.0,0:57
alex-baudin,Alex Baudin,gp-quebec,GP Québec,2026,2026-09-11,14,,EF Education - EasyPost,25,40.0,26.0,0:57
sean-quinn,Sean Quinn,gp-quebec,GP Québec,2026,2026-09-11,15,,EF Education - EasyPost,26,35.0,22.0,0:57
paul-seixas,Paul Seixas,gp-quebec,GP Québec,2026,2026-09-11,17,,Decathlon CMA CGM Team,19,30.0,18.0,0:57
quinten-hermans,Quinten Hermans,gp-quebec,GP Québec,2026,2026-09-11,18,,Pinarello Q36.5 Pro Cycling Team,31,30.0,17.0,0:57
toms-skujins,Toms Skujiņš,gp-quebec,GP Québec,2026,2026-09-11,20,,Lidl - Trek,35,30.0,15.0,1:05
brandon-mcnulty,Brandon Mcnulty,gp-quebec,GP Québec,2026,2026-09-11,21,,UAE Team Emirates - XRG,28,20.0,14.0,1:11
alberto-bettiol,Alberto Bettiol,gp-quebec,GP Québec,2026,2026-09-11,22,,XDS Astana Team,32,20.0,13.0,1:11
jhonatan-narvaez,Jhonatan Narváez,gp-quebec,GP Québec,2026,2026-09-11,23,,UAE Team Emirates - XRG,29,20.0,12.0,1:11
ben-healy,Ben Healy,gp-quebec,GP Québec,2026,2026-09-11,26,,EF Education - EasyPost,26,20.0,9.0,1:43
bart-lemmen,Bart Lemmen,gp-quebec,GP Québec,2026,2026-09-11,27,,Team Visma | Lease a Bike,30,20.0,8.0,1:43
juan-ayuso-pesquera,Juan Ayuso,gp-quebec,GP Québec,2026,2026-09-11,28,,Lidl - Trek,23,20.0,7.0,2:24
georg-zimmermann,Georg Zimmermann,gp-quebec,GP Québec,2026,2026-09-11,30,,Lotto Intermarché,28,20.0,5.0,2:57
derek-gee,Derek Gee-West,gp-quebec,GP Québec,2026,2026-09-11,31,,Lidl - Trek,29,10.0,5.0,2:57
guillermo-thomas-silva-coussan,Guillermo Thomas Silva,gp-quebec,GP Québec,2026,2026-09-11,32,,XDS Astana Team,24,10.0,5.0,2:57
afonso-eulalio,Afonso Eulálio,gp-quebec,GP Québec,2026,2026-09-11,33,,Bahrain - Victorious,24,10.0,5.0,2:57
corbin-strong,Corbin Strong,gp-quebec,GP Québec,2026,2026-09-11,34,,NSN Cycling Team,26,10.0,5.0,2:57
ben-oliver,Ben Oliver,gp-quebec,GP Québec,2026,2026-09-11,37,,Modern Adventure Pro Cycling,29,10.0,5.0,2:57
sergio-higuita,Sergio Higuita,gp-quebec,GP Québec,2026,2026-09-11,43,,XDS Astana Team,29,10.0,5.0,3:18
nelson-oliveira,Nelson Oliveira,gp-quebec,GP Québec,2026,2026-09-11,44,,Movistar Team,37,10.0,5.0,3:18
tiesj-benoot,Tiesj Benoot,gp-quebec,GP Québec,2026,2026-09-11,48,,Decathlon CMA CGM Team,32,10.0,5.0,3:18
anders-skaarseth,Anders Skaarseth,gp-quebec,GP Québec,2026,2026-09-11,52,,Uno-X Mobility,31,5.0,5.0,3:18
isaac-del-toro,Isaac Del Toro,gp-quebec,GP Québec,2026,2026-09-11,55,,UAE Team Emirates - XRG,22,5.0,5.0,3:18
adam-yates,Adam Yates,gp-quebec,GP Québec,2026,2026-09-11,56,,UAE Team Emirates - XRG,34,3.0,5.0,3:18
kasper-asgreen,Kasper Asgreen,gp-quebec,GP Québec,2026,2026-09-11,61,,EF Education - EasyPost,31,,5.0,4:15
alec-segaert,Alec Segaert,gp-quebec,GP Québec,2026,2026-09-11,65,,Bahrain - Victorious,23,,5.0,4:15
michael-woods,Michael Woods,gp-quebec,GP Québec,2026,2026-09-11,66,,Canada,39,,5.0,4:15
michael-leonard1,Michael Leonard,gp-quebec,GP Québec,2026,2026-09-11,67,,EF Education - EasyPost,22,,5.0,4:15
nicolas-prodhomme,Nicolas Prodhomme,gp-quebec,GP Québec,2026,2026-09-11,68,,Decathlon CMA CGM Team,29,,5.0,4:52
nickolas-zukowsky,Nickolas Zukowsky,gp-quebec,GP Québec,2026,2026-09-11,71,,Pinarello Q36.5 Pro Cycling Team,28,,5.0,8:05
pier-andre-cote,Pier-André Côté,gp-quebec,GP Québec,2026,2026-09-11,73,,NSN Cycling Team,29,,5.0,8:05
byron-munton,Byron Munton,gp-quebec,GP Québec,2026,2026-09-11,76,,Modern Adventure Pro Cycling,27,,5.0,10:52
brandon-smith-rivera-vargas,Brandon Smith Rivera,gp-quebec,GP Québec,2026,2026-09-11,77,,Netcompany INEOS,30,,5.0,11:51
stefan-bissegger,Stefan Bissegger,gp-quebec,GP Québec,2026,2026-09-11,,DNF,Decathlon CMA CGM Team,27,,,
mauro-schmid,Mauro Schmid,gp-quebec,GP Québec,2026,2026-09-11,,DNF,Team Jayco AlUla,26,,,
felix-grossschartner,Felix Großschartner,gp-quebec,GP Québec,2026,2026-09-11,,DNF,UAE Team Emirates - XRG,32,,,
mark-donovan,Mark Donovan,gp-quebec,GP Québec,2026,2026-09-11,,DNF,Pinarello Q36.5 Pro Cycling Team,27,,,
nico-denz,Nico Denz,gp-quebec,GP Québec,2026,2026-09-11,,DNF,Red Bull - BORA - hansgrohe,32,,,
mattia-cattaneo,Mattia Cattaneo,gp-quebec,GP Québec,2026,2026-09-11,,DNF,Red Bull - BORA - hansgrohe,35,,,
jan-tratnik,Jan Tratnik,gp-quebec,GP Québec,2026,2026-09-11,,DNF,Red Bull - BORA - hansgrohe,36,,,
michal-kwiatkowski,Michał Kwiatkowski,gp-quebec,GP Québec,2026,2026-09-11,,DNF,Netcompany INEOS,36,,,
artem-shmidt,Artem Shmidt,gp-quebec,GP Québec,2026,2026-09-11,,DNF,Netcompany INEOS,22,,,
tobias-foss,Tobias Foss,gp-quebec,GP Québec,2026,2026-09-11,,DNF,Netcompany INEOS,29,,,
pavel-novak,Pavel Novák,gp-quebec,GP Québec,2026,2026-09-11,,DNF,Movistar Team,21,,,
nadav-raisberg,Nadav Raisberg,gp-quebec,GP Québec,2026,2026-09-11,,DNF,NSN Cycling Team,25,,,
marc-hirschi,Marc Hirschi,gp-quebec,GP Québec,2026,2026-09-11,,DNF,Tudor Pro Cycling Team,28,,,
adam-yates,Adam Yates,gp-montreal,GP Montréal,2023,2023-09-10,1,,UAE Team Emirates,31,500.0,225.0,5:54:02
pavel-sivakov,Pavel Sivakov,gp-montreal,GP Montréal,2023,2023-09-10,2,,INEOS Grenadiers,26,400.0,150.0,0:03
ben-o-connor,Ben O'Connor,gp-montreal,GP Montréal,2023,2023-09-10,7,,AG2R Citroën Team,27,150.0,60.0,0:17
marc-hirschi,Marc Hirschi,gp-montreal,GP Montréal,2023,2023-09-10,10,,UAE Team Emirates,25,85.0,42.0,0:29
tiesj-benoot,Tiesj Benoot,gp-montreal,GP Montréal,2023,2023-09-10,11,,Jumbo-Visma,29,70.0,38.0,0:33
brandon-mcnulty,Brandon Mcnulty,gp-montreal,GP Montréal,2023,2023-09-10,13,,UAE Team Emirates,25,50.0,30.0,0:55
michael-woods,Michael Woods,gp-montreal,GP Montréal,2023,2023-09-10,15,,Israel - Premier Tech,36,35.0,22.0,0:55
matej-mohoric,Matej Mohorič,gp-montreal,GP Montréal,2023,2023-09-10,18,,Bahrain - Victorious,28,30.0,17.0,1:23
kevin-vermaerke,Kevin Vermaerke,gp-montreal,GP Montréal,2023,2023-09-10,20,,Team dsm - firmenich,22,30.0,15.0,1:23
matteo-jorgenson,Matteo Jorgenson,gp-montreal,GP Montréal,2023,2023-09-10,24,,Movistar Team,24,20.0,11.0,1:35
ben-healy,Ben Healy,gp-montreal,GP Montréal,2023,2023-09-10,25,,EF Education - EasyPost,22,20.0,10.0,2:09
michael-matthews,Michael Matthews,gp-montreal,GP Montréal,2023,2023-09-10,26,,Team Jayco AlUla,32,20.0,9.0,3:14
jai-hindley,Jai Hindley,gp-montreal,GP Montréal,2023,2023-09-10,30,,BORA - hansgrohe,27,20.0,5.0,3:20
neilson-powless,Neilson Powless,gp-montreal,GP Montréal,2023,2023-09-10,33,,EF Education - EasyPost,27,10.0,5.0,3:29
toms-skujins,Toms Skujiņš,gp-montreal,GP Montréal,2023,2023-09-10,35,,Lidl - Trek,32,10.0,5.0,4:22
derek-gee,Derek Gee-West,gp-montreal,GP Montréal,2023,2023-09-10,47,,Israel - Premier Tech,26,10.0,5.0,9:55
ivo-emanuel-alves,Ivo Oliveira,gp-montreal,GP Montréal,2023,2023-09-10,,DNF,UAE Team Emirates,27,,,
tim-van-dijke,Tim Van Dijke,gp-montreal,GP Montréal,2023,2023-09-10,,DNF,Jumbo-Visma,23,,,
michal-kwiatkowski,Michał Kwiatkowski,gp-montreal,GP Montréal,2023,2023-09-10,,DNF,INEOS Grenadiers,33,,,
emils-liepins,Emīls Liepiņš,gp-montreal,GP Montréal,2023,2023-09-10,,DNF,Lidl - Trek,30,,,
mathias-vacek,Mathias Vacek,gp-montreal,GP Montréal,2023,2023-09-10,,DNF,Lidl - Trek,21,,,
mauro-schmid,Mauro Schmid,gp-montreal,GP Montréal,2023,2023-09-10,,DNF,Soudal Quick-Step,23,,,
jack-haig,Jack Haig,gp-montreal,GP Montréal,2023,2023-09-10,,DNF,Bahrain - Victorious,30,,,
quinten-hermans,Quinten Hermans,gp-montreal,GP Montréal,2023,2023-09-10,,DNF,Alpecin - Deceuninck,28,,,
alberto-bettiol,Alberto Bettiol,gp-montreal,GP Montréal,2023,2023-09-10,,DNF,EF Education - EasyPost,29,,,
mikkel-honore,Mikkel Frølich Honoré,gp-montreal,GP Montréal,2023,2023-09-10,,DNF,EF Education - EasyPost,26,,,
ivan-romeo,Iván Romeo,gp-montreal,GP Montréal,2023,2023-09-10,,DNF,Movistar Team,20,,,
biniam-girmay,Biniam Girmay,gp-montreal,GP Montréal,2023,2023-09-10,,DNF,Intermarché - Circus - Wanty,23,,,
marco-brenner,Marco Brenner,gp-montreal,GP Montréal,2023,2023-09-10,,DNF,Team dsm - firmenich,21,,,
andreas-leknessund,Andreas Leknessund,gp-montreal,GP Montréal,2023,2023-09-10,,DNF,Team dsm - firmenich,24,,,
pascal-eenkhoorn,Pascal Eenkhoorn,gp-montreal,GP Montréal,2023,2023-09-10,,DNF,Lotto Dstny,26,,,
mathijs-paasschens,Mathijs Paasschens,gp-montreal,GP Montréal,2023,2023-09-10,,DNF,Lotto Dstny,27,,,
maxim-van-gils,Maxim Van Gils,gp-montreal,GP Montréal,2023,2023-09-10,,DNF,Lotto Dstny,23,,,
hugo-houle,Hugo Houle,gp-montreal,GP Montréal,2023,2023-09-10,,DNF,Israel - Premier Tech,32,,,
corbin-strong,Corbin Strong,gp-montreal,GP Montréal,2023,2023-09-10,,DNF,Israel - Premier Tech,23,,,
arthur-kluckers,Arthur Kluckers,gp-montreal,GP Montréal,2023,2023-09-10,,DNF,Tudor Pro Cycling Team,23,,,
pier-andre-cote,Pier-André Côté,gp-montreal,GP Montréal,2023,2023-09-10,,DNF,Canada,26,,,
maxim-van-gils,Maxim Van Gils,gp-montreal,GP Montréal,2024,2024-09-15,4,,Lotto Dstny,24,275.0,90.0,0:40
toms-skujins,Toms Skujiņš,gp-montreal,GP Montréal,2024,2024-09-15,6,,Lidl - Trek,33,175.0,70.0,0:40
tiesj-benoot,Tiesj Benoot,gp-montreal,GP Montréal,2024,2024-09-15,7,,Team Visma | Lease a Bike,30,150.0,60.0,0:40
michael-woods,Michael Woods,gp-montreal,GP Montréal,2024,2024-09-15,8,,Israel - Premier Tech,37,125.0,50.0,0:40
jai-hindley,Jai Hindley,gp-montreal,GP Montréal,2024,2024-09-15,10,,Red Bull - BORA - hansgrohe,28,85.0,42.0,0:40
matteo-jorgenson,Matteo Jorgenson,gp-montreal,GP Montréal,2024,2024-09-15,12,,Team Visma | Lease a Bike,25,60.0,34.0,0:40
bauke-mollema,Bauke Mollema,gp-montreal,GP Montréal,2024,2024-09-15,18,,Lidl - Trek,37,30.0,17.0,0:54
bart-lemmen,Bart Lemmen,gp-montreal,GP Montréal,2024,2024-09-15,19,,Team Visma | Lease a Bike,28,30.0,16.0,0:58
sergio-higuita,Sergio Higuita,gp-montreal,GP Montréal,2024,2024-09-15,21,,Red Bull - BORA - hansgrohe,27,20.0,14.0,1:00
ben-healy,Ben Healy,gp-montreal,GP Montréal,2024,2024-09-15,22,,EF Education - EasyPost,24,20.0,13.0,1:05
neilson-powless,Neilson Powless,gp-montreal,GP Montréal,2024,2024-09-15,23,,EF Education - EasyPost,28,20.0,12.0,1:43
kevin-vermaerke,Kevin Vermaerke,gp-montreal,GP Montréal,2024,2024-09-15,28,,Team dsm-firmenich PostNL,23,20.0,7.0,2:20
lawrence-warbasse,Larry Warbasse,gp-montreal,GP Montréal,2024,2024-09-15,36,,Decathlon AG2R La Mondiale Team,34,10.0,5.0,2:20
alex-baudin,Alex Baudin,gp-montreal,GP Montréal,2024,2024-09-15,38,,Decathlon AG2R La Mondiale Team,23,10.0,5.0,2:20
maximilian-schachmann,Maximilian Schachmann,gp-montreal,GP Montréal,2024,2024-09-15,39,,Red Bull - BORA - hansgrohe,30,10.0,5.0,2:20
santiago-buitrago-sanchez,Santiago Buitrago,gp-montreal,GP Montréal,2024,2024-09-15,41,,Bahrain - Victorious,24,10.0,5.0,2:25
georg-zimmermann,Georg Zimmermann,gp-montreal,GP Montréal,2024,2024-09-15,42,,Intermarché - Wanty,26,10.0,5.0,2:28
mikkel-honore,Mikkel Frølich Honoré,gp-montreal,GP Montréal,2024,2024-09-15,44,,EF Education - EasyPost,27,10.0,5.0,5:57
patrick-konrad,Patrick Konrad,gp-montreal,GP Montréal,2024,2024-09-15,45,,Lidl - Trek,32,10.0,5.0,5:57
tobias-halland-johannessen,Tobias Halland Johannessen,gp-montreal,GP Montréal,2024,2024-09-15,47,,Uno-X Mobility,25,10.0,5.0,6:49
derek-gee,Derek Gee-West,gp-montreal,GP Montréal,2024,2024-09-15,48,,Israel - Premier Tech,27,10.0,5.0,7:12
hugo-houle,Hugo Houle,gp-montreal,GP Montréal,2024,2024-09-15,51,,Israel - Premier Tech,33,5.0,5.0,8:43
anders-skaarseth,Anders Skaarseth,gp-montreal,GP Montréal,2024,2024-09-15,60,,Uno-X Mobility,29,3.0,5.0,10:32
jan-tratnik,Jan Tratnik,gp-montreal,GP Montréal,2024,2024-09-15,65,,Team Visma | Lease a Bike,34,,5.0,13:29
michael-leonard1,Michael Leonard,gp-montreal,GP Montréal,2024,2024-09-15,79,,INEOS Grenadiers,20,,5.0,13:29
artem-shmidt,Artem Shmidt,gp-montreal,GP Montréal,2024,2024-09-15,89,,INEOS Grenadiers,20,,5.0,16:00
gianni-vermeersch,Gianni Vermeersch,gp-montreal,GP Montréal,2024,2024-09-15,,DNF,Alpecin - Deceuninck,31,,,
michael-matthews,Michael Matthews,gp-montreal,GP Montréal,2024,2024-09-15,,DNF,Team Jayco AlUla,33,,,
igor-arrieta-lizarraga,Igor Arrieta,gp-montreal,GP Montréal,2024,2024-09-15,,DNF,UAE Team Emirates,21,,,
juan-ayuso-pesquera,Juan Ayuso,gp-montreal,GP Montréal,2024,2024-09-15,,DNF,UAE Team Emirates,21,,,
finn-fisher-black,Finn Fisher-Black,gp-montreal,GP Montréal,2024,2024-09-15,,DNF,UAE Team Emirates,22,,,
quinn-simmons,Quinn Simmons,gp-montreal,GP Montréal,2024,2024-09-15,,DNF,Lidl - Trek,23,,,
alberto-bettiol,Alberto Bettiol,gp-montreal,GP Montréal,2024,2024-09-15,,DNF,Astana Qazaqstan Team,30,,,
biniam-girmay,Biniam Girmay,gp-montreal,GP Montréal,2024,2024-09-15,,DNF,Intermarché - Wanty,24,,,
matej-mohoric,Matej Mohorič,gp-montreal,GP Montréal,2024,2024-09-15,,DNF,Bahrain - Victorious,29,,,
matevz-govekar,Matevž Govekar,gp-montreal,GP Montréal,2024,2024-09-15,,DNF,Bahrain - Victorious,24,,,
sean-quinn,Sean Quinn,gp-montreal,GP Montréal,2024,2024-09-15,,DNF,EF Education - EasyPost,24,,,
michael-valgren-andersen,Michael Valgren,gp-montreal,GP Montréal,2024,2024-09-15,,DNF,EF Education - EasyPost,32,,,
brandon-mcnulty,Brandon Mcnulty,gp-montreal,GP Montréal,2025,2025-09-14,1,,UAE Team Emirates - XRG,27,500.0,225.0,5:14:04
quinn-simmons,Quinn Simmons,gp-montreal,GP Montréal,2025,2025-09-14,3,,Lidl - Trek,24,325.0,110.0,1:03
neilson-powless,Neilson Powless,gp-montreal,GP Montréal,2025,2025-09-14,4,,EF Education - EasyPost,29,275.0,90.0,1:45
adam-yates,Adam Yates,gp-montreal,GP Montréal,2025,2025-09-14,5,,UAE Team Emirates - XRG,33,225.0,80.0,1:49
tiesj-benoot,Tiesj Benoot,gp-montreal,GP Montréal,2025,2025-09-14,7,,Team Visma | Lease a Bike,31,150.0,60.0,2:25
corbin-strong,Corbin Strong,gp-montreal,GP Montréal,2025,2025-09-14,9,,Israel - Premier Tech,25,100.0,46.0,2:59
alberto-bettiol,Alberto Bettiol,gp-montreal,GP Montréal,2025,2025-09-14,10,,XDS Astana Team,31,85.0,42.0,2:59
jhonatan-narvaez,Jhonatan Narváez,gp-montreal,GP Montréal,2025,2025-09-14,11,,UAE Team Emirates - XRG,28,70.0,38.0,2:59
quinten-hermans,Quinten Hermans,gp-montreal,GP Montréal,2025,2025-09-14,12,,Alpecin - Deceuninck,30,60.0,34.0,2:59
alex-baudin,Alex Baudin,gp-montreal,GP Montréal,2025,2025-09-14,18,,EF Education - EasyPost,24,30.0,17.0,2:59
oscar-onley,Oscar Onley,gp-montreal,GP Montréal,2025,2025-09-14,19,,Team Picnic PostNL,22,30.0,16.0,2:59
pavel-sivakov,Pavel Sivakov,gp-montreal,GP Montréal,2025,2025-09-14,20,,UAE Team Emirates - XRG,28,30.0,15.0,3:06
mikkel-honore,Mikkel Frølich Honoré,gp-montreal,GP Montréal,2025,2025-09-14,22,,EF Education - EasyPost,28,20.0,13.0,3:43
mauro-schmid,Mauro Schmid,gp-montreal,GP Montréal,2025,2025-09-14,24,,Team Jayco AlUla,25,20.0,11.0,8:58
anthon-charmig,Anthon Charmig,gp-montreal,GP Montréal,2025,2025-09-14,26,,XDS Astana Team,27,20.0,9.0,8:58
jorgen-nordhagen,Jørgen Nordhagen,gp-montreal,GP Montréal,2025,2025-09-14,33,,Team Visma | Lease a Bike,20,10.0,5.0,11:30
lawrence-warbasse,Larry Warbasse,gp-montreal,GP Montréal,2025,2025-09-14,34,,Tudor Pro Cycling Team,35,10.0,5.0,11:30
embret-svestad-bardseng,Embret Svestad-Bårdseng,gp-montreal,GP Montréal,2025,2025-09-14,38,,Arkéa - B&B Hotels,23,10.0,5.0,11:30
jan-tratnik,Jan Tratnik,gp-montreal,GP Montréal,2025,2025-09-14,42,,Red Bull - BORA - hansgrohe,35,10.0,5.0,12:05
mattia-cattaneo,Mattia Cattaneo,gp-montreal,GP Montréal,2025,2025-09-14,43,,Soudal Quick-Step,34,10.0,5.0,12:26
hugo-houle,Hugo Houle,gp-montreal,GP Montréal,2025,2025-09-14,45,,Israel - Premier Tech,34,10.0,5.0,15:01
anders-skaarseth,Anders Skaarseth,gp-montreal,GP Montréal,2025,2025-09-14,49,,Uno-X Mobility,30,10.0,5.0,15:27
michael-leonard1,Michael Leonard,gp-montreal,GP Montréal,2025,2025-09-14,55,,INEOS Grenadiers,21,5.0,5.0,16:21
gianni-vermeersch,Gianni Vermeersch,gp-montreal,GP Montréal,2025,2025-09-14,,DNF,Alpecin - Deceuninck,32,,,
michael-matthews,Michael Matthews,gp-montreal,GP Montréal,2025,2025-09-14,,DNF,Team Jayco AlUla,34,,,
patrick-konrad,Patrick Konrad,gp-montreal,GP Montréal,2025,2025-09-14,,DNF,Lidl - Trek,33,,,
henok-mulubrhan,Henok Mulubrhan,gp-montreal,GP Montréal,2025,2025-09-14,,DNF,XDS Astana Team,25,,,
pascal-eenkhoorn,Pascal Eenkhoorn,gp-montreal,GP Montréal,2025,2025-09-14,,DNF,Soudal Quick-Step,28,,,
valentin-paret-peintre,Valentin Paret-Peintre,gp-montreal,GP Montréal,2025,2025-09-14,,DNF,Soudal Quick-Step,24,,,
wout-van-aert,Wout Van Aert,gp-montreal,GP Montréal,2025,2025-09-14,,DNF,Team Visma | Lease a Bike,30,,,
attila-valter,Attila Valter,gp-montreal,GP Montréal,2025,2025-09-14,,DNF,Team Visma | Lease a Bike,27,,,
florian-lipowitz,Florian Lipowitz,gp-montreal,GP Montréal,2025,2025-09-14,,DNF,Red Bull - BORA - hansgrohe,24,,,
laurence-pithie,Laurence Pithie,gp-montreal,GP Montréal,2025,2025-09-14,,DNF,Red Bull - BORA - hansgrohe,23,,,
tobias-halland-johannessen,Tobias Halland Johannessen,gp-montreal,GP Montréal,2025,2025-09-14,,DNF,Uno-X Mobility,26,,,
artem-shmidt,Artem Shmidt,gp-montreal,GP Montréal,2025,2025-09-14,,DNF,INEOS Grenadiers,21,,,
biniam-girmay,Biniam Girmay,gp-montreal,GP Montréal,2025,2025-09-14,,DNF,Intermarché - Wanty,25,,,
alfred-wright,Fred Wright,gp-montreal,GP Montréal,2025,2025-09-14,,DNF,Bahrain - Victorious,26,,,
matej-mohoric,Matej Mohorič,gp-montreal,GP Montréal,2025,2025-09-14,,DNF,Bahrain - Victorious,30,,,
afonso-eulalio,Afonso Eulálio,gp-montreal,GP Montréal,2025,2025-09-14,,DNF,Bahrain - Victorious,23,,,
darren-rafferty,Darren Rafferty,gp-montreal,GP Montréal,2025,2025-09-14,,DNF,EF Education - EasyPost,22,,,
isaac-del-toro,Isaac Del Toro,gp-montreal,GP Montréal,2026,2026-09-13,1,,UAE Team Emirates - XRG,22,500.0,225.0,5:13:16
paul-seixas,Paul Seixas,gp-montreal,GP Montréal,2026,2026-09-13,2,,Decathlon CMA CGM Team,19,400.0,150.0,0:00
brandon-mcnulty,Brandon Mcnulty,gp-montreal,GP Montréal,2026,2026-09-13,3,,UAE Team Emirates - XRG,28,325.0,110.0,0:27
quinn-simmons,Quinn Simmons,gp-montreal,GP Montréal,2026,2026-09-13,4,,Lidl - Trek,25,275.0,90.0,0:30
remco-evenepoel,Remco Evenepoel,gp-montreal,GP Montréal,2026,2026-09-13,5,,Red Bull - BORA - hansgrohe,26,225.0,80.0,0:35
tom-pidcock,Tom Pidcock,gp-montreal,GP Montréal,2026,2026-09-13,6,,Pinarello Q36.5 Pro Cycling Team,27,175.0,70.0,0:36
giulio-ciccone,Giulio Ciccone,gp-montreal,GP Montréal,2026,2026-09-13,7,,Lidl - Trek,31,150.0,60.0,0:36
ben-healy,Ben Healy,gp-montreal,GP Montréal,2026,2026-09-13,8,,EF Education - EasyPost,26,125.0,50.0,0:36
afonso-eulalio,Afonso Eulálio,gp-montreal,GP Montréal,2026,2026-09-13,9,,Bahrain - Victorious,24,100.0,46.0,0:39
alex-baudin,Alex Baudin,gp-montreal,GP Montréal,2026,2026-09-13,11,,EF Education - EasyPost,25,70.0,38.0,0:42
alberto-bettiol,Alberto Bettiol,gp-montreal,GP Montréal,2026,2026-09-13,12,,XDS Astana Team,32,60.0,34.0,0:43
adam-yates,Adam Yates,gp-montreal,GP Montréal,2026,2026-09-13,13,,UAE Team Emirates - XRG,34,50.0,30.0,0:55
jhonatan-narvaez,Jhonatan Narváez,gp-montreal,GP Montréal,2026,2026-09-13,15,,UAE Team Emirates - XRG,29,35.0,22.0,1:27
michael-woods,Michael Woods,gp-montreal,GP Montréal,2026,2026-09-13,18,,Canada,39,30.0,17.0,1:27
matteo-jorgenson,Matteo Jorgenson,gp-montreal,GP Montréal,2026,2026-09-13,19,,Team Visma | Lease a Bike,27,30.0,16.0,1:27
guillermo-thomas-silva-coussan,Guillermo Thomas Silva,gp-montreal,GP Montréal,2026,2026-09-13,20,,XDS Astana Team,24,30.0,15.0,1:27
marc-hirschi,Marc Hirschi,gp-montreal,GP Montréal,2026,2026-09-13,27,,Tudor Pro Cycling Team,28,20.0,8.0,2:20
toms-skujins,Toms Skujiņš,gp-montreal,GP Montréal,2026,2026-09-13,29,,Lidl - Trek,35,20.0,6.0,3:52
maximilian-schachmann,Maximilian Schachmann,gp-montreal,GP Montréal,2026,2026-09-13,31,,Soudal Quick-Step,32,10.0,5.0,3:52
nelson-oliveira,Nelson Oliveira,gp-montreal,GP Montréal,2026,2026-09-13,32,,Movistar Team,37,10.0,5.0,3:52
quinten-hermans,Quinten Hermans,gp-montreal,GP Montréal,2026,2026-09-13,33,,Pinarello Q36.5 Pro Cycling Team,31,10.0,5.0,3:54
maxim-van-gils,Maxim Van Gils,gp-montreal,GP Montréal,2026,2026-09-13,34,,Red Bull - BORA - hansgrohe,26,10.0,5.0,3:58
mauro-schmid,Mauro Schmid,gp-montreal,GP Montréal,2026,2026-09-13,36,,Team Jayco AlUla,26,10.0,5.0,4:52
jan-tratnik,Jan Tratnik,gp-montreal,GP Montréal,2026,2026-09-13,38,,Red Bull - BORA - hansgrohe,36,10.0,5.0,4:52
anthon-charmig,Anthon Charmig,gp-montreal,GP Montréal,2026,2026-09-13,39,,Uno-X Mobility,28,10.0,5.0,6:24
corbin-strong,Corbin Strong,gp-montreal,GP Montréal,2026,2026-09-13,42,,NSN Cycling Team,26,10.0,5.0,8:25
nicolas-prodhomme,Nicolas Prodhomme,gp-montreal,GP Montréal,2026,2026-09-13,43,,Decathlon CMA CGM Team,29,10.0,5.0,8:25
sergio-higuita,Sergio Higuita,gp-montreal,GP Montréal,2026,2026-09-13,44,,XDS Astana Team,29,10.0,5.0,8:25
anders-skaarseth,Anders Skaarseth,gp-montreal,GP Montréal,2026,2026-09-13,48,,Uno-X Mobility,31,10.0,5.0,9:21
nickolas-zukowsky,Nickolas Zukowsky,gp-montreal,GP Montréal,2026,2026-09-13,49,,Pinarello Q36.5 Pro Cycling Team,28,10.0,5.0,13:25
mattia-cattaneo,Mattia Cattaneo,gp-montreal,GP Montréal,2026,2026-09-13,51,,Red Bull - BORA - hansgrohe,35,5.0,5.0,13:25
tiesj-benoot,Tiesj Benoot,gp-montreal,GP Montréal,2026,2026-09-13,52,,Decathlon CMA CGM Team,32,5.0,5.0,13:25
michael-matthews,Michael Matthews,gp-montreal,GP Montréal,2026,2026-09-13,54,,Team Jayco AlUla,35,5.0,5.0,15:43
alec-segaert,Alec Segaert,gp-montreal,GP Montréal,2026,2026-09-13,55,,Bahrain - Victorious,23,5.0,5.0,16:27
stefan-bissegger,Stefan Bissegger,gp-montreal,GP Montréal,2026,2026-09-13,,DNF,Decathlon CMA CGM Team,28,,,
felix-grossschartner,Felix Großschartner,gp-montreal,GP Montréal,2026,2026-09-13,,DNF,UAE Team Emirates - XRG,32,,,
juan-ayuso-pesquera,Juan Ayuso,gp-montreal,GP Montréal,2026,2026-09-13,,DNF,Lidl - Trek,23,,,
derek-gee,Derek Gee-West,gp-montreal,GP Montréal,2026,2026-09-13,,DNF,Lidl - Trek,29,,,
mark-donovan,Mark Donovan,gp-montreal,GP Montréal,2026,2026-09-13,,DNF,Pinarello Q36.5 Pro Cycling Team,27,,,
bart-lemmen,Bart Lemmen,gp-montreal,GP Montréal,2026,2026-09-13,,DNF,Team Visma | Lease a Bike,30,,,
nico-denz,Nico Denz,gp-montreal,GP Montréal,2026,2026-09-13,,DNF,Red Bull - BORA - hansgrohe,32,,,
artem-shmidt,Artem Shmidt,gp-montreal,GP Montréal,2026,2026-09-13,,DNF,Netcompany INEOS,22,,,
tobias-foss,Tobias Foss,gp-montreal,GP Montréal,2026,2026-09-13,,DNF,Netcompany INEOS,29,,,
brandon-smith-rivera-vargas,Brandon Smith Rivera,gp-montreal,GP Montréal,2026,2026-09-13,,DNF,Netcompany INEOS,30,,,
michal-kwiatkowski,Michał Kwiatkowski,gp-montreal,GP Montréal,2026,2026-09-13,,DNF,Netcompany INEOS,36,,,
pavel-novak,Pavel Novák,gp-montreal,GP Montréal,2026,2026-09-13,,DNF,Movistar Team,21,,,
georg-zimmermann,Georg Zimmermann,gp-montreal,GP Montréal,2026,2026-09-13,,DNF,Lotto Intermarché,28,,,
nadav-raisberg,Nadav Raisberg,gp-montreal,GP Montréal,2026,2026-09-13,,DNF,NSN Cycling Team,25,,,
pier-andre-cote,Pier-André Côté,gp-montreal,GP Montréal,2026,2026-09-13,,DNF,NSN Cycling Team,29,,,
kasper-asgreen,Kasper Asgreen,gp-montreal,GP Montréal,2026,2026-09-13,,DNF,EF Education - EasyPost,31,,,
sean-quinn,Sean Quinn,gp-montreal,GP Montréal,2026,2026-09-13,,DNF,EF Education - EasyPost,26,,,
michael-leonard1,Michael Leonard,gp-montreal,GP Montréal,2026,2026-09-13,,DNF,EF Education - EasyPost,22,,,
ben-oliver,Ben Oliver,gp-montreal,GP Montréal,2026,2026-09-13,,DNF,Modern Adventure Pro Cycling,29,,,
byron-munton,Byron Munton,gp-montreal,GP Montréal,2026,2026-09-13,,DNF,Modern Adventure Pro Cycling,27,,,
mathieu-van-der-poel,Mathieu Van Der Poel,paris-roubaix,Paris-Roubaix,2023,2023-04-09,1,,Alpecin - Deceuninck,28,800.0,275.0,5:28:41
wout-van-aert,Wout Van Aert,paris-roubaix,Paris-Roubaix,2023,2023-04-09,3,,Jumbo-Visma,28,520.0,150.0,0:46
mads-pedersen,Mads Pedersen,paris-roubaix,Paris-Roubaix,2023,2023-04-09,4,,Trek - Segafredo,27,440.0,120.0,0:50
stefan-kung,Stefan Küng,paris-roubaix,Paris-Roubaix,2023,2023-04-09,5,,Groupama - FDJ,29,360.0,100.0,0:50
gianni-vermeersch,Gianni Vermeersch,paris-roubaix,Paris-Roubaix,2023,2023-04-09,11,,Alpecin - Deceuninck,30,110.0,46.0,4:11
matteo-trentin,Matteo Trentin,paris-roubaix,Paris-Roubaix,2023,2023-04-09,19,,UAE Team Emirates,33,50.0,22.0,5:36
matej-mohoric,Matej Mohorič,paris-roubaix,Paris-Roubaix,2023,2023-04-09,29,,Bahrain - Victorious,28,30.0,11.0,5:36
mikkel-bjerg,Mikkel Bjerg,paris-roubaix,Paris-Roubaix,2023,2023-04-09,40,,UAE Team Emirates,24,15.0,5.0,5:36
tim-van-dijke,Tim Van Dijke,paris-roubaix,Paris-Roubaix,2023,2023-04-09,43,,Jumbo-Visma,23,15.0,5.0,5:36
daan-hoole,Daan Hoole,paris-roubaix,Paris-Roubaix,2023,2023-04-09,49,,Trek - Segafredo,24,15.0,5.0,5:46
mathias-vacek,Mathias Vacek,paris-roubaix,Paris-Roubaix,2023,2023-04-09,67,,Trek - Segafredo,20,,5.0,11:58
emils-liepins,Emīls Liepiņš,paris-roubaix,Paris-Roubaix,2023,2023-04-09,105,,Trek - Segafredo,30,,5.0,19:22
madis-mihkels,Madis Mihkels,paris-roubaix,Paris-Roubaix,2023,2023-04-09,114,,Intermarché - Circus - Wanty,19,-25.0,5.0,20:28
ryan-mullen,Ryan Mullen,paris-roubaix,Paris-Roubaix,2023,2023-04-09,116,,BORA - hansgrohe,28,,5.0,20:28
nickolas-zukowsky,Nickolas Zukowsky,paris-roubaix,Paris-Roubaix,2023,2023-04-09,125,,Q36.5 Pro Cycling Team,24,,5.0,22:44
derek-gee,Derek Gee-West,paris-roubaix,Paris-Roubaix,2023,2023-04-09,135,,Israel - Premier Tech,25,,5.0,25:44
alfred-wright,Fred Wright,paris-roubaix,Paris-Roubaix,2023,2023-04-09,,DNF,Bahrain - Victorious,23,,,
kasper-asgreen,Kasper Asgreen,paris-roubaix,Paris-Roubaix,2023,2023-04-09,,DNF,Soudal Quick-Step,28,,,
ivan-romeo,Iván Romeo,paris-roubaix,Paris-Roubaix,2023,2023-04-09,,DNF,Movistar Team,19,,,
james-shaw,James Shaw,paris-roubaix,Paris-Roubaix,2023,2023-04-09,,DNF,EF Education - EasyPost,26,,,
mathieu-van-der-poel,Mathieu Van Der Poel,paris-roubaix,Paris-Roubaix,2024,2024-04-07,1,,Alpecin - Deceuninck,29,800.0,275.0,5:25:58
mads-pedersen,Mads Pedersen,paris-roubaix,Paris-Roubaix,2024,2024-04-07,3,,Lidl - Trek,28,520.0,150.0,3:00
stefan-kung,Stefan Küng,paris-roubaix,Paris-Roubaix,2024,2024-04-07,5,,Groupama - FDJ,30,360.0,100.0,3:15
gianni-vermeersch,Gianni Vermeersch,paris-roubaix,Paris-Roubaix,2024,2024-04-07,6,,Alpecin - Deceuninck,31,280.0,90.0,3:47
laurence-pithie,Laurence Pithie,paris-roubaix,Paris-Roubaix,2024,2024-04-07,7,,Groupama - FDJ,21,240.0,80.0,3:48
madis-mihkels,Madis Mihkels,paris-roubaix,Paris-Roubaix,2024,2024-04-07,10,,Intermarché - Wanty,20,135.0,50.0,4:47
alfred-wright,Fred Wright,paris-roubaix,Paris-Roubaix,2024,2024-04-07,12,,Bahrain - Victorious,24,95.0,42.0,4:47
tim-van-dijke,Tim Van Dijke,paris-roubaix,Paris-Roubaix,2024,2024-04-07,16,,Team Visma | Lease a Bike,24,50.0,28.0,4:47
tom-pidcock,Tom Pidcock,paris-roubaix,Paris-Roubaix,2024,2024-04-07,17,,INEOS Grenadiers,24,50.0,26.0,6:20
stefan-bissegger,Stefan Bissegger,paris-roubaix,Paris-Roubaix,2024,2024-04-07,26,,EF Education - EasyPost,25,30.0,14.0,6:28
mathias-vacek,Mathias Vacek,paris-roubaix,Paris-Roubaix,2024,2024-04-07,43,,Lidl - Trek,21,15.0,5.0,7:22
mikkel-bjerg,Mikkel Bjerg,paris-roubaix,Paris-Roubaix,2024,2024-04-07,51,,UAE Team Emirates,25,10.0,5.0,9:34
daan-hoole,Daan Hoole,paris-roubaix,Paris-Roubaix,2024,2024-04-07,53,,Lidl - Trek,25,10.0,5.0,9:34
fabio-christen,Fabio Christen,paris-roubaix,Paris-Roubaix,2024,2024-04-07,61,,Q36.5 Pro Cycling Team,21,,5.0,11:37
alec-segaert,Alec Segaert,paris-roubaix,Paris-Roubaix,2024,2024-04-07,66,,Lotto Dstny,21,,5.0,11:37
nadav-raisberg,Nadav Raisberg,paris-roubaix,Paris-Roubaix,2024,2024-04-07,67,,Israel - Premier Tech,23,,5.0,11:37
antonio-morgado,António Morgado,paris-roubaix,Paris-Roubaix,2024,2024-04-07,87,,UAE Team Emirates,20,,5.0,15:03
kasper-asgreen,Kasper Asgreen,paris-roubaix,Paris-Roubaix,2024,2024-04-07,88,,Soudal Quick-Step,29,,5.0,15:03
jordan-labrosse,Jordan Labrosse,paris-roubaix,Paris-Roubaix,2024,2024-04-07,101,,Decathlon AG2R La Mondiale Team,21,,5.0,18:20
mathijs-paasschens,Mathijs Paasschens,paris-roubaix,Paris-Roubaix,2024,2024-04-07,,OTL,Lotto Dstny,28,,,27:30
ryan-mullen,Ryan Mullen,paris-roubaix,Paris-Roubaix,2024,2024-04-07,,DNF,BORA - hansgrohe,29,,,
alberto-bettiol,Alberto Bettiol,paris-roubaix,Paris-Roubaix,2024,2024-04-07,,DNF,EF Education - EasyPost,30,,,
mathieu-van-der-poel,Mathieu Van Der Poel,paris-roubaix,Paris-Roubaix,2025,2025-04-13,1,,Alpecin - Deceuninck,30,800.0,275.0,5:31:27
mads-pedersen,Mads Pedersen,paris-roubaix,Paris-Roubaix,2025,2025-04-13,3,,Lidl - Trek,29,520.0,150.0,2:11
wout-van-aert,Wout Van Aert,paris-roubaix,Paris-Roubaix,2025,2025-04-13,4,,Team Visma | Lease a Bike,30,440.0,120.0,2:11
stefan-bissegger,Stefan Bissegger,paris-roubaix,Paris-Roubaix,2025,2025-04-13,7,,Decathlon AG2R La Mondiale Team,26,240.0,80.0,3:46
alfred-wright,Fred Wright,paris-roubaix,Paris-Roubaix,2025,2025-04-13,9,,Bahrain - Victorious,25,160.0,60.0,4:35
madis-mihkels,Madis Mihkels,paris-roubaix,Paris-Roubaix,2025,2025-04-13,14,,EF Education - EasyPost,21,65.0,34.0,4:45
biniam-girmay,Biniam Girmay,paris-roubaix,Paris-Roubaix,2025,2025-04-13,15,,Intermarché - Wanty,25,55.0,30.0,4:45
daan-hoole,Daan Hoole,paris-roubaix,Paris-Roubaix,2025,2025-04-13,17,,Lidl - Trek,26,50.0,26.0,4:45
antonio-morgado,António Morgado,paris-roubaix,Paris-Roubaix,2025,2025-04-13,24,,UAE Team Emirates - XRG,21,30.0,16.0,5:41
tim-van-dijke,Tim Van Dijke,paris-roubaix,Paris-Roubaix,2025,2025-04-13,30,,Red Bull - BORA - hansgrohe,25,30.0,10.0,5:41
stefan-kung,Stefan Küng,paris-roubaix,Paris-Roubaix,2025,2025-04-13,43,,Groupama - FDJ,31,15.0,5.0,8:18
mikkel-bjerg,Mikkel Bjerg,paris-roubaix,Paris-Roubaix,2025,2025-04-13,50,,UAE Team Emirates - XRG,26,15.0,5.0,11:40
kasper-asgreen,Kasper Asgreen,paris-roubaix,Paris-Roubaix,2025,2025-04-13,61,,EF Education - EasyPost,30,,5.0,12:16
arthur-kluckers,Arthur Kluckers,paris-roubaix,Paris-Roubaix,2025,2025-04-13,74,,Tudor Pro Cycling Team,25,,5.0,12:16
alec-segaert,Alec Segaert,paris-roubaix,Paris-Roubaix,2025,2025-04-13,87,,Lotto,22,,5.0,13:26
marcel-camprubi,Marcel Camprubí,paris-roubaix,Paris-Roubaix,2025,2025-04-13,88,,Q36.5 Pro Cycling Team,23,,5.0,13:29
mathias-vacek,Mathias Vacek,paris-roubaix,Paris-Roubaix,2025,2025-04-13,116,,Lidl - Trek,22,,5.0,18:04
gianni-vermeersch,Gianni Vermeersch,paris-roubaix,Paris-Roubaix,2025,2025-04-13,,DNF,Alpecin - Deceuninck,32,,,
luka-mezgec,Luka Mezgec,paris-roubaix,Paris-Roubaix,2025,2025-04-13,,DNF,Team Jayco AlUla,36,,,
laurence-pithie,Laurence Pithie,paris-roubaix,Paris-Roubaix,2025,2025-04-13,,DNF,Red Bull - BORA - hansgrohe,22,,,
ryan-mullen,Ryan Mullen,paris-roubaix,Paris-Roubaix,2025,2025-04-13,,DNF,Red Bull - BORA - hansgrohe,30,,,
matej-mohoric,Matej Mohorič,paris-roubaix,Paris-Roubaix,2025,2025-04-13,,DNF,Bahrain - Victorious,30,,,
wout-van-aert,Wout Van Aert,paris-roubaix,Paris-Roubaix,2026,2026-04-12,1,,Team Visma | Lease a Bike,31,800.0,275.0,5:16:52
mathieu-van-der-poel,Mathieu Van Der Poel,paris-roubaix,Paris-Roubaix,2026,2026-04-12,4,,Alpecin - Premier Tech,31,440.0,120.0,0:15
mads-pedersen,Mads Pedersen,paris-roubaix,Paris-Roubaix,2026,2026-04-12,7,,Lidl - Trek,30,240.0,80.0,0:15
stefan-bissegger,Stefan Bissegger,paris-roubaix,Paris-Roubaix,2026,2026-04-12,8,,Decathlon CMA CGM Team,27,200.0,70.0,0:20
gianni-vermeersch,Gianni Vermeersch,paris-roubaix,Paris-Roubaix,2026,2026-04-12,12,,Red Bull - BORA - hansgrohe,33,,42.0,3:46
daan-hoole,Daan Hoole,paris-roubaix,Paris-Roubaix,2026,2026-04-12,15,,Decathlon CMA CGM Team,27,55.0,30.0,3:46
alec-segaert,Alec Segaert,paris-roubaix,Paris-Roubaix,2026,2026-04-12,16,,Bahrain - Victorious,23,50.0,28.0,3:46
mathias-vacek,Mathias Vacek,paris-roubaix,Paris-Roubaix,2026,2026-04-12,22,,Lidl - Trek,23,30.0,18.0,5:51
laurence-pithie,Laurence Pithie,paris-roubaix,Paris-Roubaix,2026,2026-04-12,26,,Red Bull - BORA - hansgrohe,23,30.0,14.0,7:32
kasper-asgreen,Kasper Asgreen,paris-roubaix,Paris-Roubaix,2026,2026-04-12,28,,EF Education - EasyPost,31,30.0,12.0,8:01
ben-oliver,Ben Oliver,paris-roubaix,Paris-Roubaix,2026,2026-04-12,47,,Modern Adventure Pro Cycling,29,15.0,5.0,8:01
jakob-soderqvist,Jakob Söderqvist,paris-roubaix,Paris-Roubaix,2026,2026-04-12,76,,Lidl - Trek,22,,5.0,10:45
madis-mihkels,Madis Mihkels,paris-roubaix,Paris-Roubaix,2026,2026-04-12,81,,EF Education - EasyPost,22,,5.0,10:45
emils-liepins,Emīls Liepiņš,paris-roubaix,Paris-Roubaix,2026,2026-04-12,89,,Pinarello Q36.5 Pro Cycling Team,33,,5.0,14:46
callum-thornley,Callum Thornley,paris-roubaix,Paris-Roubaix,2026,2026-04-12,101,,Red Bull - BORA - hansgrohe,22,,5.0,15:20
artem-shmidt,Artem Shmidt,paris-roubaix,Paris-Roubaix,2026,2026-04-12,113,,INEOS Grenadiers,22,,5.0,15:31
antonio-morgado,António Morgado,paris-roubaix,Paris-Roubaix,2026,2026-04-12,118,,UAE Team Emirates - XRG,22,,5.0,15:35
ryan-mullen,Ryan Mullen,paris-roubaix,Paris-Roubaix,2026,2026-04-12,124,,NSN Cycling Team,31,,5.0,17:22
mikkel-bjerg,Mikkel Bjerg,paris-roubaix,Paris-Roubaix,2026,2026-04-12,126,,UAE Team Emirates - XRG,27,,5.0,19:02
alfred-wright,Fred Wright,paris-roubaix,Paris-Roubaix,2026,2026-04-12,133,,Pinarello Q36.5 Pro Cycling Team,26,,5.0,21:13
nickolas-zukowsky,Nickolas Zukowsky,paris-roubaix,Paris-Roubaix,2026,2026-04-12,139,,Pinarello Q36.5 Pro Cycling Team,27,,5.0,23:33
tim-van-dijke,Tim Van Dijke,paris-roubaix,Paris-Roubaix,2026,2026-04-12,,DNF,Red Bull - BORA - hansgrohe,26,,,
pavel-novak,Pavel Novák,paris-roubaix,Paris-Roubaix,2026,2026-04-12,,DNF,Movistar Team,21,,,
biniam-girmay,Biniam Girmay,paris-roubaix,Paris-Roubaix,2026,2026-04-12,,DNF,NSN Cycling Team,26,,,
matevz-govekar,Matevž Govekar,paris-roubaix,Paris-Roubaix,2026,2026-04-12,,DNF,Bahrain - Victorious,25,,,
matej-mohoric,Matej Mohorič,paris-roubaix,Paris-Roubaix,2026,2026-04-12,,DNF,Bahrain - Victorious,31,,,
mathieu-van-der-poel,Mathieu Van Der Poel,ronde-van-vlaanderen,Ronde van Vlaanderen,2023,2023-04-02,2,,Alpecin - Deceuninck,28,640.0,200.0,0:16
mads-pedersen,Mads Pedersen,ronde-van-vlaanderen,Ronde van Vlaanderen,2023,2023-04-02,3,,Trek - Segafredo,27,520.0,150.0,1:12
wout-van-aert,Wout Van Aert,ronde-van-vlaanderen,Ronde van Vlaanderen,2023,2023-04-02,4,,Jumbo-Visma,28,440.0,120.0,1:12
neilson-powless,Neilson Powless,ronde-van-vlaanderen,Ronde van Vlaanderen,2023,2023-04-02,5,,EF Education - EasyPost,26,360.0,100.0,1:12
stefan-kung,Stefan Küng,ronde-van-vlaanderen,Ronde van Vlaanderen,2023,2023-04-02,6,,Groupama - FDJ,29,280.0,90.0,1:12
kasper-asgreen,Kasper Asgreen,ronde-van-vlaanderen,Ronde van Vlaanderen,2023,2023-04-02,7,,Soudal Quick-Step,28,240.0,80.0,1:12
alfred-wright,Fred Wright,ronde-van-vlaanderen,Ronde van Vlaanderen,2023,2023-04-02,8,,Bahrain - Victorious,23,200.0,70.0,1:12
matteo-jorgenson,Matteo Jorgenson,ronde-van-vlaanderen,Ronde van Vlaanderen,2023,2023-04-02,9,,Movistar Team,23,160.0,60.0,1:19
matteo-trentin,Matteo Trentin,ronde-van-vlaanderen,Ronde van Vlaanderen,2023,2023-04-02,10,,UAE Team Emirates,33,135.0,50.0,2:49
tiesj-benoot,Tiesj Benoot,ronde-van-vlaanderen,Ronde van Vlaanderen,2023,2023-04-02,13,,Jumbo-Visma,29,85.0,38.0,5:12
mikkel-bjerg,Mikkel Bjerg,ronde-van-vlaanderen,Ronde van Vlaanderen,2023,2023-04-02,15,,UAE Team Emirates,24,55.0,30.0,5:16
jhonatan-narvaez,Jhonatan Narváez,ronde-van-vlaanderen,Ronde van Vlaanderen,2023,2023-04-02,25,,INEOS Grenadiers,26,30.0,15.0,6:09
gianni-vermeersch,Gianni Vermeersch,ronde-van-vlaanderen,Ronde van Vlaanderen,2023,2023-04-02,30,,Alpecin - Deceuninck,30,30.0,10.0,6:09
mikkel-honore,Mikkel Frølich Honoré,ronde-van-vlaanderen,Ronde van Vlaanderen,2023,2023-04-02,39,,EF Education - EasyPost,26,15.0,5.0,6:09
tim-van-dijke,Tim Van Dijke,ronde-van-vlaanderen,Ronde van Vlaanderen,2023,2023-04-02,42,,Jumbo-Visma,23,15.0,5.0,6:12
tom-pidcock,Tom Pidcock,ronde-van-vlaanderen,Ronde van Vlaanderen,2023,2023-04-02,52,,INEOS Grenadiers,23,10.0,5.0,8:03
daan-hoole,Daan Hoole,ronde-van-vlaanderen,Ronde van Vlaanderen,2023,2023-04-02,61,,Trek - Segafredo,24,,5.0,11:23
mathias-vacek,Mathias Vacek,ronde-van-vlaanderen,Ronde van Vlaanderen,2023,2023-04-02,65,,Trek - Segafredo,20,,5.0,11:23
hugo-houle,Hugo Houle,ronde-van-vlaanderen,Ronde van Vlaanderen,2023,2023-04-02,66,,Israel - Premier Tech,32,,5.0,11:23
emils-liepins,Emīls Liepiņš,ronde-van-vlaanderen,Ronde van Vlaanderen,2023,2023-04-02,71,,Trek - Segafredo,30,,5.0,14:10
soren-kragh-andersen,Søren Kragh Andersen,ronde-van-vlaanderen,Ronde van Vlaanderen,2023,2023-04-02,,DNF,Alpecin - Deceuninck,28,,,
michael-matthews,Michael Matthews,ronde-van-vlaanderen,Ronde van Vlaanderen,2023,2023-04-02,,DNF,Team Jayco AlUla,32,,,
luka-mezgec,Luka Mezgec,ronde-van-vlaanderen,Ronde van Vlaanderen,2023,2023-04-02,,DNF,Team Jayco AlUla,34,,,
nickolas-zukowsky,Nickolas Zukowsky,ronde-van-vlaanderen,Ronde van Vlaanderen,2023,2023-04-02,,DNF,Q36.5 Pro Cycling Team,24,,,
kevin-vermaerke,Kevin Vermaerke,ronde-van-vlaanderen,Ronde van Vlaanderen,2023,2023-04-02,,DNF,Team DSM,22,,,
biniam-girmay,Biniam Girmay,ronde-van-vlaanderen,Ronde van Vlaanderen,2023,2023-04-02,,DNF,Intermarché - Circus - Wanty,23,,,
ivan-romeo,Iván Romeo,ronde-van-vlaanderen,Ronde van Vlaanderen,2023,2023-04-02,,DNF,Movistar Team,19,,,
matej-mohoric,Matej Mohorič,ronde-van-vlaanderen,Ronde van Vlaanderen,2023,2023-04-02,,DNF,Bahrain - Victorious,28,,,
mathieu-van-der-poel,Mathieu Van Der Poel,ronde-van-vlaanderen,Ronde van Vlaanderen,2024,2024-03-31,1,,Alpecin - Deceuninck,29,800.0,275.0,6:05:17
mikkel-bjerg,Mikkel Bjerg,ronde-van-vlaanderen,Ronde van Vlaanderen,2024,2024-03-31,4,,UAE Team Emirates,25,440.0,120.0,1:02
antonio-morgado,António Morgado,ronde-van-vlaanderen,Ronde van Vlaanderen,2024,2024-03-31,5,,UAE Team Emirates,20,360.0,100.0,1:02
alberto-bettiol,Alberto Bettiol,ronde-van-vlaanderen,Ronde van Vlaanderen,2024,2024-03-31,9,,EF Education - EasyPost,30,160.0,60.0,1:02
toms-skujins,Toms Skujiņš,ronde-van-vlaanderen,Ronde van Vlaanderen,2024,2024-03-31,10,,Lidl - Trek,32,135.0,50.0,1:02
michael-matthews,Michael Matthews,ronde-van-vlaanderen,Ronde van Vlaanderen,2024,2024-03-31,11,,Team Jayco AlUla,33,110.0,46.0,1:02
tiesj-benoot,Tiesj Benoot,ronde-van-vlaanderen,Ronde van Vlaanderen,2024,2024-03-31,15,,Team Visma | Lease a Bike,30,55.0,30.0,2:02
matteo-trentin,Matteo Trentin,ronde-van-vlaanderen,Ronde van Vlaanderen,2024,2024-03-31,19,,Tudor Pro Cycling Team,34,50.0,22.0,2:02
mads-pedersen,Mads Pedersen,ronde-van-vlaanderen,Ronde van Vlaanderen,2024,2024-03-31,22,,Lidl - Trek,28,30.0,18.0,2:41
gianni-vermeersch,Gianni Vermeersch,ronde-van-vlaanderen,Ronde van Vlaanderen,2024,2024-03-31,23,,Alpecin - Deceuninck,31,30.0,17.0,2:41
tim-van-dijke,Tim Van Dijke,ronde-van-vlaanderen,Ronde van Vlaanderen,2024,2024-03-31,30,,Team Visma | Lease a Bike,24,30.0,10.0,3:20
matteo-jorgenson,Matteo Jorgenson,ronde-van-vlaanderen,Ronde van Vlaanderen,2024,2024-03-31,31,,Team Visma | Lease a Bike,24,15.0,9.0,3:38
stefan-bissegger,Stefan Bissegger,ronde-van-vlaanderen,Ronde van Vlaanderen,2024,2024-03-31,36,,EF Education - EasyPost,25,15.0,5.0,4:29
laurence-pithie,Laurence Pithie,ronde-van-vlaanderen,Ronde van Vlaanderen,2024,2024-03-31,39,,Groupama - FDJ,21,15.0,5.0,4:29
stefan-kung,Stefan Küng,ronde-van-vlaanderen,Ronde van Vlaanderen,2024,2024-03-31,41,,Groupama - FDJ,30,15.0,5.0,4:29
michael-valgren-andersen,Michael Valgren,ronde-van-vlaanderen,Ronde van Vlaanderen,2024,2024-03-31,45,,EF Education - EasyPost,32,15.0,5.0,7:35
fabio-christen,Fabio Christen,ronde-van-vlaanderen,Ronde van Vlaanderen,2024,2024-03-31,46,,Q36.5 Pro Cycling Team,21,15.0,5.0,7:35
kasper-asgreen,Kasper Asgreen,ronde-van-vlaanderen,Ronde van Vlaanderen,2024,2024-03-31,47,,Soudal Quick-Step,29,15.0,5.0,7:35
corbin-strong,Corbin Strong,ronde-van-vlaanderen,Ronde van Vlaanderen,2024,2024-03-31,48,,Israel - Premier Tech,23,15.0,5.0,7:35
alfred-wright,Fred Wright,ronde-van-vlaanderen,Ronde van Vlaanderen,2024,2024-03-31,50,,Bahrain - Victorious,24,15.0,5.0,7:35
biniam-girmay,Biniam Girmay,ronde-van-vlaanderen,Ronde van Vlaanderen,2024,2024-03-31,59,,Intermarché - Wanty,23,5.0,5.0,7:35
nico-denz,Nico Denz,ronde-van-vlaanderen,Ronde van Vlaanderen,2024,2024-03-31,60,,BORA - hansgrohe,30,5.0,5.0,7:35
georg-zimmermann,Georg Zimmermann,ronde-van-vlaanderen,Ronde van Vlaanderen,2024,2024-03-31,61,,Intermarché - Wanty,26,,5.0,7:35
daan-hoole,Daan Hoole,ronde-van-vlaanderen,Ronde van Vlaanderen,2024,2024-03-31,68,,Lidl - Trek,25,,5.0,7:35
soren-kragh-andersen,Søren Kragh Andersen,ronde-van-vlaanderen,Ronde van Vlaanderen,2024,2024-03-31,,DNF,Alpecin - Deceuninck,29,,,
luka-mezgec,Luka Mezgec,ronde-van-vlaanderen,Ronde van Vlaanderen,2024,2024-03-31,,DNF,Team Jayco AlUla,35,,,
marc-hirschi,Marc Hirschi,ronde-van-vlaanderen,Ronde van Vlaanderen,2024,2024-03-31,,DNF,UAE Team Emirates,25,,,
ryan-mullen,Ryan Mullen,ronde-van-vlaanderen,Ronde van Vlaanderen,2024,2024-03-31,,DNF,BORA - hansgrohe,29,,,
hugo-houle,Hugo Houle,ronde-van-vlaanderen,Ronde van Vlaanderen,2024,2024-03-31,,DNF,Israel - Premier Tech,33,,,
matevz-govekar,Matevž Govekar,ronde-van-vlaanderen,Ronde van Vlaanderen,2024,2024-03-31,,DNF,Bahrain - Victorious,23,,,
matej-mohoric,Matej Mohorič,ronde-van-vlaanderen,Ronde van Vlaanderen,2024,2024-03-31,,DNF,Bahrain - Victorious,29,,,
mads-pedersen,Mads Pedersen,ronde-van-vlaanderen,Ronde van Vlaanderen,2025,2025-04-06,2,,Lidl - Trek,29,640.0,200.0,1:01
mathieu-van-der-poel,Mathieu Van Der Poel,ronde-van-vlaanderen,Ronde van Vlaanderen,2025,2025-04-06,3,,Alpecin - Deceuninck,30,520.0,150.0,1:01
wout-van-aert,Wout Van Aert,ronde-van-vlaanderen,Ronde van Vlaanderen,2025,2025-04-06,4,,Team Visma | Lease a Bike,30,440.0,120.0,1:01
tiesj-benoot,Tiesj Benoot,ronde-van-vlaanderen,Ronde van Vlaanderen,2025,2025-04-06,6,,Team Visma | Lease a Bike,31,280.0,90.0,1:51
stefan-kung,Stefan Küng,ronde-van-vlaanderen,Ronde van Vlaanderen,2025,2025-04-06,7,,Groupama - FDJ,31,240.0,80.0,1:53
laurence-pithie,Laurence Pithie,ronde-van-vlaanderen,Ronde van Vlaanderen,2025,2025-04-06,11,,Red Bull - BORA - hansgrohe,22,110.0,46.0,2:19
michael-matthews,Michael Matthews,ronde-van-vlaanderen,Ronde van Vlaanderen,2025,2025-04-06,13,,Team Jayco AlUla,34,85.0,38.0,2:19
gianni-vermeersch,Gianni Vermeersch,ronde-van-vlaanderen,Ronde van Vlaanderen,2025,2025-04-06,15,,Alpecin - Deceuninck,32,55.0,30.0,2:19
stefan-bissegger,Stefan Bissegger,ronde-van-vlaanderen,Ronde van Vlaanderen,2025,2025-04-06,19,,Decathlon AG2R La Mondiale Team,26,50.0,22.0,2:19
matej-mohoric,Matej Mohorič,ronde-van-vlaanderen,Ronde van Vlaanderen,2025,2025-04-06,21,,Bahrain - Victorious,30,30.0,19.0,2:19
matteo-trentin,Matteo Trentin,ronde-van-vlaanderen,Ronde van Vlaanderen,2025,2025-04-06,22,,Tudor Pro Cycling Team,35,30.0,18.0,2:19
alfred-wright,Fred Wright,ronde-van-vlaanderen,Ronde van Vlaanderen,2025,2025-04-06,23,,Bahrain - Victorious,25,30.0,17.0,2:19
alec-segaert,Alec Segaert,ronde-van-vlaanderen,Ronde van Vlaanderen,2025,2025-04-06,32,,Lotto,22,15.0,8.0,2:19
biniam-girmay,Biniam Girmay,ronde-van-vlaanderen,Ronde van Vlaanderen,2025,2025-04-06,35,,Intermarché - Wanty,25,15.0,5.0,2:19
orluis-aular,Orluis Aular,ronde-van-vlaanderen,Ronde van Vlaanderen,2025,2025-04-06,36,,Movistar Team,28,15.0,5.0,2:19
toms-skujins,Toms Skujiņš,ronde-van-vlaanderen,Ronde van Vlaanderen,2025,2025-04-06,37,,Lidl - Trek,33,15.0,5.0,2:19
neilson-powless,Neilson Powless,ronde-van-vlaanderen,Ronde van Vlaanderen,2025,2025-04-06,42,,EF Education - EasyPost,28,15.0,5.0,2:19
mikkel-honore,Mikkel Frølich Honoré,ronde-van-vlaanderen,Ronde van Vlaanderen,2025,2025-04-06,44,,EF Education - EasyPost,28,15.0,5.0,2:19
matteo-jorgenson,Matteo Jorgenson,ronde-van-vlaanderen,Ronde van Vlaanderen,2025,2025-04-06,47,,Team Visma | Lease a Bike,25,15.0,5.0,2:34
corbin-strong,Corbin Strong,ronde-van-vlaanderen,Ronde van Vlaanderen,2025,2025-04-06,50,,Israel - Premier Tech,24,15.0,5.0,4:20
tim-van-dijke,Tim Van Dijke,ronde-van-vlaanderen,Ronde van Vlaanderen,2025,2025-04-06,52,,Red Bull - BORA - hansgrohe,25,10.0,5.0,6:17
fabio-christen,Fabio Christen,ronde-van-vlaanderen,Ronde van Vlaanderen,2025,2025-04-06,65,,Q36.5 Pro Cycling Team,22,,5.0,7:23
mathias-vacek,Mathias Vacek,ronde-van-vlaanderen,Ronde van Vlaanderen,2025,2025-04-06,80,,Lidl - Trek,22,,5.0,7:23
daan-hoole,Daan Hoole,ronde-van-vlaanderen,Ronde van Vlaanderen,2025,2025-04-06,83,,Lidl - Trek,26,,5.0,7:36
pascal-eenkhoorn,Pascal Eenkhoorn,ronde-van-vlaanderen,Ronde van Vlaanderen,2025,2025-04-06,84,,Soudal Quick-Step,28,,5.0,9:38
antonio-morgado,António Morgado,ronde-van-vlaanderen,Ronde van Vlaanderen,2025,2025-04-06,90,,UAE Team Emirates - XRG,21,,5.0,9:40
arthur-kluckers,Arthur Kluckers,ronde-van-vlaanderen,Ronde van Vlaanderen,2025,2025-04-06,100,,Tudor Pro Cycling Team,25,,5.0,10:18
quinten-hermans,Quinten Hermans,ronde-van-vlaanderen,Ronde van Vlaanderen,2025,2025-04-06,,DNF,Alpecin - Deceuninck,29,,,
mikkel-bjerg,Mikkel Bjerg,ronde-van-vlaanderen,Ronde van Vlaanderen,2025,2025-04-06,,DNF,UAE Team Emirates - XRG,26,,,
jhonatan-narvaez,Jhonatan Narváez,ronde-van-vlaanderen,Ronde van Vlaanderen,2025,2025-04-06,,DNF,UAE Team Emirates - XRG,28,,,
emils-liepins,Emīls Liepiņš,ronde-van-vlaanderen,Ronde van Vlaanderen,2025,2025-04-06,,DNF,Q36.5 Pro Cycling Team,32,,,
ryan-mullen,Ryan Mullen,ronde-van-vlaanderen,Ronde van Vlaanderen,2025,2025-04-06,,DNF,Red Bull - BORA - hansgrohe,30,,,
anders-skaarseth,Anders Skaarseth,ronde-van-vlaanderen,Ronde van Vlaanderen,2025,2025-04-06,,DNF,Uno-X Mobility,29,,,
mathieu-van-der-poel,Mathieu Van Der Poel,ronde-van-vlaanderen,Ronde van Vlaanderen,2026,2026-04-05,2,,Alpecin - Premier Tech,31,640.0,200.0,0:34
remco-evenepoel,Remco Evenepoel,ronde-van-vlaanderen,Ronde van Vlaanderen,2026,2026-04-05,3,,Red Bull - BORA - hansgrohe,26,520.0,150.0,1:11
wout-van-aert,Wout Van Aert,ronde-van-vlaanderen,Ronde van Vlaanderen,2026,2026-04-05,4,,Team Visma | Lease a Bike,31,440.0,120.0,2:04
mads-pedersen,Mads Pedersen,ronde-van-vlaanderen,Ronde van Vlaanderen,2026,2026-04-05,5,,Lidl - Trek,30,360.0,100.0,2:48
matej-mohoric,Matej Mohorič,ronde-van-vlaanderen,Ronde van Vlaanderen,2026,2026-04-05,8,,Bahrain - Victorious,31,200.0,70.0,4:30
gianni-vermeersch,Gianni Vermeersch,ronde-van-vlaanderen,Ronde van Vlaanderen,2026,2026-04-05,10,,Red Bull - BORA - hansgrohe,33,135.0,50.0,5:22
tim-van-dijke,Tim Van Dijke,ronde-van-vlaanderen,Ronde van Vlaanderen,2026,2026-04-05,11,,Red Bull - BORA - hansgrohe,26,110.0,46.0,5:26
laurence-pithie,Laurence Pithie,ronde-van-vlaanderen,Ronde van Vlaanderen,2026,2026-04-05,14,,Red Bull - BORA - hansgrohe,23,65.0,34.0,5:39
alec-segaert,Alec Segaert,ronde-van-vlaanderen,Ronde van Vlaanderen,2026,2026-04-05,15,,Bahrain - Victorious,23,55.0,30.0,5:39
michael-valgren-andersen,Michael Valgren,ronde-van-vlaanderen,Ronde van Vlaanderen,2026,2026-04-05,18,,EF Education - EasyPost,34,50.0,24.0,5:39
daan-hoole,Daan Hoole,ronde-van-vlaanderen,Ronde van Vlaanderen,2026,2026-04-05,20,,Decathlon CMA CGM Team,27,50.0,20.0,5:43
alberto-bettiol,Alberto Bettiol,ronde-van-vlaanderen,Ronde van Vlaanderen,2026,2026-04-05,24,,XDS Astana Team,32,30.0,16.0,6:42
kasper-asgreen,Kasper Asgreen,ronde-van-vlaanderen,Ronde van Vlaanderen,2026,2026-04-05,28,,EF Education - EasyPost,31,30.0,12.0,6:46
soren-kragh-andersen,Søren Kragh Andersen,ronde-van-vlaanderen,Ronde van Vlaanderen,2026,2026-04-05,31,,Lidl - Trek,31,15.0,9.0,6:46
stefan-bissegger,Stefan Bissegger,ronde-van-vlaanderen,Ronde van Vlaanderen,2026,2026-04-05,37,,Decathlon CMA CGM Team,27,15.0,5.0,6:56
biniam-girmay,Biniam Girmay,ronde-van-vlaanderen,Ronde van Vlaanderen,2026,2026-04-05,41,,NSN Cycling Team,26,15.0,5.0,6:56
mathias-vacek,Mathias Vacek,ronde-van-vlaanderen,Ronde van Vlaanderen,2026,2026-04-05,49,,Lidl - Trek,23,15.0,5.0,7:09
jan-tratnik,Jan Tratnik,ronde-van-vlaanderen,Ronde van Vlaanderen,2026,2026-04-05,50,,Red Bull - BORA - hansgrohe,36,15.0,5.0,7:59
artem-shmidt,Artem Shmidt,ronde-van-vlaanderen,Ronde van Vlaanderen,2026,2026-04-05,51,,INEOS Grenadiers,22,10.0,5.0,8:05
mikkel-honore,Mikkel Frølich Honoré,ronde-van-vlaanderen,Ronde van Vlaanderen,2026,2026-04-05,63,,EF Education - EasyPost,29,,5.0,8:09
eric-antonio-fagundez,Eric Antonio Fagúndez,ronde-van-vlaanderen,Ronde van Vlaanderen,2026,2026-04-05,70,,Burgos Burpellet BH,27,,5.0,9:57
alfred-wright,Fred Wright,ronde-van-vlaanderen,Ronde van Vlaanderen,2026,2026-04-05,74,,Pinarello Q36.5 Pro Cycling Team,26,,5.0,10:43
matevz-govekar,Matevž Govekar,ronde-van-vlaanderen,Ronde van Vlaanderen,2026,2026-04-05,89,,Bahrain - Victorious,25,,5.0,11:38
antonio-morgado,António Morgado,ronde-van-vlaanderen,Ronde van Vlaanderen,2026,2026-04-05,105,,UAE Team Emirates - XRG,22,,5.0,11:47
nickolas-zukowsky,Nickolas Zukowsky,ronde-van-vlaanderen,Ronde van Vlaanderen,2026,2026-04-05,112,,Pinarello Q36.5 Pro Cycling Team,27,,5.0,15:24
orluis-aular,Orluis Aular,ronde-van-vlaanderen,Ronde van Vlaanderen,2026,2026-04-05,117,,Movistar Team,29,,5.0,15:24
luka-mezgec,Luka Mezgec,ronde-van-vlaanderen,Ronde van Vlaanderen,2026,2026-04-05,,DNF,Team Jayco AlUla,37,,,
mikkel-bjerg,Mikkel Bjerg,ronde-van-vlaanderen,Ronde van Vlaanderen,2026,2026-04-05,,DNF,UAE Team Emirates - XRG,27,,,
emils-liepins,Emīls Liepiņš,ronde-van-vlaanderen,Ronde van Vlaanderen,2026,2026-04-05,,DNF,Pinarello Q36.5 Pro Cycling Team,33,,,
arthur-kluckers,Arthur Kluckers,ronde-van-vlaanderen,Ronde van Vlaanderen,2026,2026-04-05,,DNF,Tudor Pro Cycling Team,26,,,
matteo-trentin,Matteo Trentin,ronde-van-vlaanderen,Ronde van Vlaanderen,2026,2026-04-05,,DNF,Tudor Pro Cycling Team,36,,,
mathieu-van-der-poel,Mathieu Van Der Poel,milano-sanremo,Milano-Sanremo,2023,2023-03-18,1,,Alpecin - Deceuninck,28,800.0,275.0,6:25:23
wout-van-aert,Wout Van Aert,milano-sanremo,Milano-Sanremo,2023,2023-03-18,3,,Jumbo-Visma,28,520.0,150.0,0:15
soren-kragh-andersen,Søren Kragh Andersen,milano-sanremo,Milano-Sanremo,2023,2023-03-18,5,,Alpecin - Deceuninck,28,360.0,100.0,0:26
mads-pedersen,Mads Pedersen,milano-sanremo,Milano-Sanremo,2023,2023-03-18,6,,Trek - Segafredo,27,280.0,90.0,0:26
neilson-powless,Neilson Powless,milano-sanremo,Milano-Sanremo,2023,2023-03-18,7,,EF Education - EasyPost,26,240.0,80.0,0:26
matej-mohoric,Matej Mohorič,milano-sanremo,Milano-Sanremo,2023,2023-03-18,8,,Bahrain - Victorious,28,200.0,70.0,0:26
matteo-trentin,Matteo Trentin,milano-sanremo,Milano-Sanremo,2023,2023-03-18,19,,UAE Team Emirates,33,50.0,22.0,0:32
luka-mezgec,Luka Mezgec,milano-sanremo,Milano-Sanremo,2023,2023-03-18,23,,Team Jayco AlUla,34,30.0,17.0,0:32
biniam-girmay,Biniam Girmay,milano-sanremo,Milano-Sanremo,2023,2023-03-18,28,,Intermarché - Circus - Wanty,22,30.0,12.0,0:32
jhonatan-narvaez,Jhonatan Narváez,milano-sanremo,Milano-Sanremo,2023,2023-03-18,32,,INEOS Grenadiers,26,15.0,8.0,0:32
attila-valter,Attila Valter,milano-sanremo,Milano-Sanremo,2023,2023-03-18,34,,Jumbo-Visma,24,15.0,6.0,0:32
kasper-asgreen,Kasper Asgreen,milano-sanremo,Milano-Sanremo,2023,2023-03-18,36,,Soudal Quick-Step,28,15.0,5.0,0:32
maxim-van-gils,Maxim Van Gils,milano-sanremo,Milano-Sanremo,2023,2023-03-18,38,,Lotto Dstny,23,15.0,5.0,0:38
alberto-bettiol,Alberto Bettiol,milano-sanremo,Milano-Sanremo,2023,2023-03-18,54,,EF Education - EasyPost,29,10.0,5.0,1:06
lawrence-warbasse,Larry Warbasse,milano-sanremo,Milano-Sanremo,2023,2023-03-18,61,,AG2R Citroën Team,32,,5.0,1:48
hugo-houle,Hugo Houle,milano-sanremo,Milano-Sanremo,2023,2023-03-18,65,,Israel - Premier Tech,32,,5.0,1:48
mikkel-honore,Mikkel Frølich Honoré,milano-sanremo,Milano-Sanremo,2023,2023-03-18,69,,EF Education - EasyPost,26,,5.0,1:48
mark-donovan,Mark Donovan,milano-sanremo,Milano-Sanremo,2023,2023-03-18,70,,Q36.5 Pro Cycling Team,23,,5.0,1:48
kevin-vermaerke,Kevin Vermaerke,milano-sanremo,Milano-Sanremo,2023,2023-03-18,71,,Team DSM,22,,5.0,1:48
alfred-wright,Fred Wright,milano-sanremo,Milano-Sanremo,2023,2023-03-18,79,,Bahrain - Victorious,23,,5.0,4:11
quinten-hermans,Quinten Hermans,milano-sanremo,Milano-Sanremo,2023,2023-03-18,80,,Alpecin - Deceuninck,27,,5.0,4:14
gianni-vermeersch,Gianni Vermeersch,milano-sanremo,Milano-Sanremo,2023,2023-03-18,81,,Alpecin - Deceuninck,30,,5.0,4:14
corbin-strong,Corbin Strong,milano-sanremo,Milano-Sanremo,2023,2023-03-18,86,,Israel - Premier Tech,22,,5.0,4:52
toms-skujins,Toms Skujiņš,milano-sanremo,Milano-Sanremo,2023,2023-03-18,88,,Trek - Segafredo,31,,5.0,4:52
jan-tratnik,Jan Tratnik,milano-sanremo,Milano-Sanremo,2023,2023-03-18,91,,Jumbo-Visma,33,,5.0,4:52
felix-grossschartner,Felix Großschartner,milano-sanremo,Milano-Sanremo,2023,2023-03-18,92,,UAE Team Emirates,29,,5.0,4:52
derek-gee,Derek Gee-West,milano-sanremo,Milano-Sanremo,2023,2023-03-18,98,,Israel - Premier Tech,25,,5.0,6:01
arthur-kluckers,Arthur Kluckers,milano-sanremo,Milano-Sanremo,2023,2023-03-18,109,,Tudor Pro Cycling Team,23,,5.0,7:06
nico-denz,Nico Denz,milano-sanremo,Milano-Sanremo,2023,2023-03-18,114,,BORA - hansgrohe,29,,5.0,7:06
michal-kwiatkowski,Michał Kwiatkowski,milano-sanremo,Milano-Sanremo,2023,2023-03-18,139,,INEOS Grenadiers,32,,5.0,9:20
stefan-bissegger,Stefan Bissegger,milano-sanremo,Milano-Sanremo,2023,2023-03-18,145,,EF Education - EasyPost,24,,5.0,10:33
ryan-mullen,Ryan Mullen,milano-sanremo,Milano-Sanremo,2023,2023-03-18,153,,BORA - hansgrohe,28,,5.0,12:40
henok-mulubrhan,Henok Mulubrhan,milano-sanremo,Milano-Sanremo,2023,2023-03-18,162,,Green Project - Bardiani CSF - Faizanè,23,,5.0,13:10
michael-matthews,Michael Matthews,milano-sanremo,Milano-Sanremo,2024,2024-03-16,2,,Team Jayco AlUla,33,640.0,200.0,0:00
mads-pedersen,Mads Pedersen,milano-sanremo,Milano-Sanremo,2024,2024-03-16,4,,Lidl - Trek,28,440.0,120.0,0:00
alberto-bettiol,Alberto Bettiol,milano-sanremo,Milano-Sanremo,2024,2024-03-16,5,,EF Education - EasyPost,30,360.0,100.0,0:00
matej-mohoric,Matej Mohorič,milano-sanremo,Milano-Sanremo,2024,2024-03-16,6,,Bahrain - Victorious,29,280.0,90.0,0:00
maxim-van-gils,Maxim Van Gils,milano-sanremo,Milano-Sanremo,2024,2024-03-16,7,,Lotto Dstny,24,240.0,80.0,0:00
mathieu-van-der-poel,Mathieu Van Der Poel,milano-sanremo,Milano-Sanremo,2024,2024-03-16,10,,Alpecin - Deceuninck,29,135.0,50.0,0:00
tom-pidcock,Tom Pidcock,milano-sanremo,Milano-Sanremo,2024,2024-03-16,11,,INEOS Grenadiers,24,110.0,46.0,0:00
laurence-pithie,Laurence Pithie,milano-sanremo,Milano-Sanremo,2024,2024-03-16,15,,Groupama - FDJ,21,55.0,30.0,0:35
kasper-asgreen,Kasper Asgreen,milano-sanremo,Milano-Sanremo,2024,2024-03-16,16,,Soudal Quick-Step,29,50.0,28.0,0:35
corbin-strong,Corbin Strong,milano-sanremo,Milano-Sanremo,2024,2024-03-16,17,,Israel - Premier Tech,23,50.0,26.0,0:35
matteo-trentin,Matteo Trentin,milano-sanremo,Milano-Sanremo,2024,2024-03-16,21,,Tudor Pro Cycling Team,34,30.0,19.0,0:35
stefan-kung,Stefan Küng,milano-sanremo,Milano-Sanremo,2024,2024-03-16,23,,Groupama - FDJ,30,30.0,17.0,0:35
biniam-girmay,Biniam Girmay,milano-sanremo,Milano-Sanremo,2024,2024-03-16,27,,Intermarché - Wanty,23,30.0,13.0,0:35
alfred-wright,Fred Wright,milano-sanremo,Milano-Sanremo,2024,2024-03-16,30,,Bahrain - Victorious,24,30.0,10.0,0:35
soren-kragh-andersen,Søren Kragh Andersen,milano-sanremo,Milano-Sanremo,2024,2024-03-16,31,,Alpecin - Deceuninck,29,15.0,9.0,0:35
toms-skujins,Toms Skujiņš,milano-sanremo,Milano-Sanremo,2024,2024-03-16,32,,Lidl - Trek,32,15.0,8.0,0:35
jhonatan-narvaez,Jhonatan Narváez,milano-sanremo,Milano-Sanremo,2024,2024-03-16,35,,INEOS Grenadiers,27,15.0,5.0,0:35
christian-scaroni,Christian Scaroni,milano-sanremo,Milano-Sanremo,2024,2024-03-16,36,,Astana Qazaqstan Team,26,15.0,5.0,0:35
georg-zimmermann,Georg Zimmermann,milano-sanremo,Milano-Sanremo,2024,2024-03-16,39,,Intermarché - Wanty,26,15.0,5.0,0:45
nico-denz,Nico Denz,milano-sanremo,Milano-Sanremo,2024,2024-03-16,45,,BORA - hansgrohe,30,15.0,5.0,1:16
kevin-vermaerke,Kevin Vermaerke,milano-sanremo,Milano-Sanremo,2024,2024-03-16,48,,Team dsm-firmenich PostNL,23,15.0,5.0,1:16
michal-kwiatkowski,Michał Kwiatkowski,milano-sanremo,Milano-Sanremo,2024,2024-03-16,54,,INEOS Grenadiers,33,10.0,5.0,1:16
gianni-vermeersch,Gianni Vermeersch,milano-sanremo,Milano-Sanremo,2024,2024-03-16,57,,Alpecin - Deceuninck,31,5.0,5.0,1:35
pascal-eenkhoorn,Pascal Eenkhoorn,milano-sanremo,Milano-Sanremo,2024,2024-03-16,70,,Lotto Dstny,27,,5.0,1:58
isaac-del-toro,Isaac Del Toro,milano-sanremo,Milano-Sanremo,2024,2024-03-16,73,,UAE Team Emirates,20,-25.0,5.0,2:25
mattia-cattaneo,Mattia Cattaneo,milano-sanremo,Milano-Sanremo,2024,2024-03-16,76,,Soudal Quick-Step,33,,5.0,2:28
hugo-houle,Hugo Houle,milano-sanremo,Milano-Sanremo,2024,2024-03-16,77,,Israel - Premier Tech,33,,5.0,2:28
michael-valgren-andersen,Michael Valgren,milano-sanremo,Milano-Sanremo,2024,2024-03-16,100,,EF Education - EasyPost,32,,5.0,4:40
lawrence-warbasse,Larry Warbasse,milano-sanremo,Milano-Sanremo,2024,2024-03-16,109,,Decathlon AG2R La Mondiale Team,33,,5.0,4:40
marc-hirschi,Marc Hirschi,milano-sanremo,Milano-Sanremo,2024,2024-03-16,112,,UAE Team Emirates,25,,5.0,4:40
matevz-govekar,Matevž Govekar,milano-sanremo,Milano-Sanremo,2024,2024-03-16,145,,Bahrain - Victorious,23,,5.0,10:11
ryan-mullen,Ryan Mullen,milano-sanremo,Milano-Sanremo,2024,2024-03-16,156,,BORA - hansgrohe,29,,5.0,11:58
tim-van-dijke,Tim Van Dijke,milano-sanremo,Milano-Sanremo,2024,2024-03-16,158,,Team Visma | Lease a Bike,24,,5.0,11:58
arthur-kluckers,Arthur Kluckers,milano-sanremo,Milano-Sanremo,2024,2024-03-16,,DNF,Tudor Pro Cycling Team,24,,,
mathieu-van-der-poel,Mathieu Van Der Poel,milano-sanremo,Milano-Sanremo,2025,2025-03-22,1,,Alpecin - Deceuninck,30,800.0,275.0,6:22:53
michael-matthews,Michael Matthews,milano-sanremo,Milano-Sanremo,2025,2025-03-22,4,,Team Jayco AlUla,34,440.0,120.0,0:43
mads-pedersen,Mads Pedersen,milano-sanremo,Milano-Sanremo,2025,2025-03-22,7,,Lidl - Trek,29,240.0,80.0,0:43
matteo-trentin,Matteo Trentin,milano-sanremo,Milano-Sanremo,2025,2025-03-22,9,,Tudor Pro Cycling Team,35,160.0,60.0,0:43
alfred-wright,Fred Wright,milano-sanremo,Milano-Sanremo,2025,2025-03-22,10,,Bahrain - Victorious,25,135.0,50.0,0:43
corbin-strong,Corbin Strong,milano-sanremo,Milano-Sanremo,2025,2025-03-22,12,,Israel - Premier Tech,24,95.0,42.0,0:43
isaac-del-toro,Isaac Del Toro,milano-sanremo,Milano-Sanremo,2025,2025-03-22,13,,UAE Team Emirates - XRG,21,85.0,38.0,0:43
biniam-girmay,Biniam Girmay,milano-sanremo,Milano-Sanremo,2025,2025-03-22,14,,Intermarché - Wanty,24,65.0,34.0,0:43
mikkel-honore,Mikkel Frølich Honoré,milano-sanremo,Milano-Sanremo,2025,2025-03-22,17,,EF Education - EasyPost,28,50.0,26.0,0:43
maxim-van-gils,Maxim Van Gils,milano-sanremo,Milano-Sanremo,2025,2025-03-22,19,,Red Bull - BORA - hansgrohe,25,50.0,22.0,0:43
orluis-aular,Orluis Aular,milano-sanremo,Milano-Sanremo,2025,2025-03-22,28,,Movistar Team,28,30.0,12.0,0:43
mauro-schmid,Mauro Schmid,milano-sanremo,Milano-Sanremo,2025,2025-03-22,32,,Team Jayco AlUla,25,15.0,8.0,0:43
maximilian-schachmann,Maximilian Schachmann,milano-sanremo,Milano-Sanremo,2025,2025-03-22,33,,Soudal Quick-Step,31,15.0,7.0,0:43
attila-valter,Attila Valter,milano-sanremo,Milano-Sanremo,2025,2025-03-22,35,,Team Visma | Lease a Bike,26,15.0,5.0,0:43
neilson-powless,Neilson Powless,milano-sanremo,Milano-Sanremo,2025,2025-03-22,37,,EF Education - EasyPost,28,15.0,5.0,0:43
tobias-halland-johannessen,Tobias Halland Johannessen,milano-sanremo,Milano-Sanremo,2025,2025-03-22,39,,Uno-X Mobility,25,15.0,5.0,0:43
tom-pidcock,Tom Pidcock,milano-sanremo,Milano-Sanremo,2025,2025-03-22,40,,Q36.5 Pro Cycling Team,25,15.0,5.0,0:43
tobias-foss,Tobias Foss,milano-sanremo,Milano-Sanremo,2025,2025-03-22,43,,INEOS Grenadiers,27,15.0,5.0,0:47
quinten-hermans,Quinten Hermans,milano-sanremo,Milano-Sanremo,2025,2025-03-22,45,,Alpecin - Deceuninck,29,15.0,5.0,0:47
giulio-ciccone,Giulio Ciccone,milano-sanremo,Milano-Sanremo,2025,2025-03-22,47,,Lidl - Trek,30,15.0,5.0,1:29
laurence-pithie,Laurence Pithie,milano-sanremo,Milano-Sanremo,2025,2025-03-22,48,,Red Bull - BORA - hansgrohe,22,15.0,5.0,1:29
alberto-bettiol,Alberto Bettiol,milano-sanremo,Milano-Sanremo,2025,2025-03-22,57,,XDS Astana Team,31,5.0,5.0,2:38
fabio-christen,Fabio Christen,milano-sanremo,Milano-Sanremo,2025,2025-03-22,63,,Q36.5 Pro Cycling Team,22,,5.0,2:38
madis-mihkels,Madis Mihkels,milano-sanremo,Milano-Sanremo,2025,2025-03-22,66,,EF Education - EasyPost,21,,5.0,2:38
nickolas-zukowsky,Nickolas Zukowsky,milano-sanremo,Milano-Sanremo,2025,2025-03-22,71,,Q36.5 Pro Cycling Team,26,,5.0,2:38
kevin-vermaerke,Kevin Vermaerke,milano-sanremo,Milano-Sanremo,2025,2025-03-22,76,,Team Picnic PostNL,24,,5.0,2:38
vicente-rojas,Vicente Rojas,milano-sanremo,Milano-Sanremo,2025,2025-03-22,77,,VF Group - Bardiani CSF - Faizanè,22,,5.0,2:38
raul-garcia-pierna,Raúl García Pierna,milano-sanremo,Milano-Sanremo,2025,2025-03-22,82,,Arkéa - B&B Hotels,24,,5.0,2:44
jhonatan-narvaez,Jhonatan Narváez,milano-sanremo,Milano-Sanremo,2025,2025-03-22,85,,UAE Team Emirates - XRG,28,,5.0,2:44
mattia-cattaneo,Mattia Cattaneo,milano-sanremo,Milano-Sanremo,2025,2025-03-22,88,,Soudal Quick-Step,34,,5.0,3:20
pier-andre-cote,Pier-André Côté,milano-sanremo,Milano-Sanremo,2025,2025-03-22,98,,Israel - Premier Tech,27,,5.0,5:02
matej-mohoric,Matej Mohorič,milano-sanremo,Milano-Sanremo,2025,2025-03-22,100,,Bahrain - Victorious,30,,5.0,5:02
mark-donovan,Mark Donovan,milano-sanremo,Milano-Sanremo,2025,2025-03-22,105,,Q36.5 Pro Cycling Team,25,,5.0,6:03
anders-skaarseth,Anders Skaarseth,milano-sanremo,Milano-Sanremo,2025,2025-03-22,122,,Uno-X Mobility,29,,5.0,7:08
emils-liepins,Emīls Liepiņš,milano-sanremo,Milano-Sanremo,2025,2025-03-22,126,,Q36.5 Pro Cycling Team,32,,5.0,10:19
marco-brenner,Marco Brenner,milano-sanremo,Milano-Sanremo,2025,2025-03-22,127,,Tudor Pro Cycling Team,22,,5.0,10:19
felix-engelhardt,Felix Engelhardt,milano-sanremo,Milano-Sanremo,2025,2025-03-22,153,,Team Jayco AlUla,24,,5.0,12:18
ryan-mullen,Ryan Mullen,milano-sanremo,Milano-Sanremo,2025,2025-03-22,156,,Red Bull - BORA - hansgrohe,30,,5.0,12:32
martin-svrcek,Martin Svrček,milano-sanremo,Milano-Sanremo,2025,2025-03-22,,DNF,Soudal Quick-Step,22,,,
tom-pidcock,Tom Pidcock,milano-sanremo,Milano-Sanremo,2026,2026-03-21,2,,Pinarello Q36.5 Pro Cycling Team,26,640.0,200.0,0:00
wout-van-aert,Wout Van Aert,milano-sanremo,Milano-Sanremo,2026,2026-03-21,3,,Team Visma | Lease a Bike,31,520.0,150.0,0:04
mads-pedersen,Mads Pedersen,milano-sanremo,Milano-Sanremo,2026,2026-03-21,4,,Lidl - Trek,30,440.0,120.0,0:04
corbin-strong,Corbin Strong,milano-sanremo,Milano-Sanremo,2026,2026-03-21,5,,NSN Cycling Team,25,360.0,100.0,0:04
mathieu-van-der-poel,Mathieu Van Der Poel,milano-sanremo,Milano-Sanremo,2026,2026-03-21,8,,Alpecin - Premier Tech,31,200.0,70.0,0:04
matteo-trentin,Matteo Trentin,milano-sanremo,Milano-Sanremo,2026,2026-03-21,9,,Tudor Pro Cycling Team,36,160.0,60.0,0:04
matej-mohoric,Matej Mohorič,milano-sanremo,Milano-Sanremo,2026,2026-03-21,15,,Bahrain - Victorious,31,55.0,30.0,0:04
laurence-pithie,Laurence Pithie,milano-sanremo,Milano-Sanremo,2026,2026-03-21,19,,Red Bull - BORA - hansgrohe,23,50.0,22.0,0:04
guillermo-thomas-silva-coussan,Guillermo Thomas Silva,milano-sanremo,Milano-Sanremo,2026,2026-03-21,23,,XDS Astana Team,24,30.0,17.0,0:04
georg-zimmermann,Georg Zimmermann,milano-sanremo,Milano-Sanremo,2026,2026-03-21,25,,Lotto Intermarché,28,30.0,15.0,0:04
maximilian-schachmann,Maximilian Schachmann,milano-sanremo,Milano-Sanremo,2026,2026-03-21,26,,Soudal Quick-Step,32,30.0,14.0,0:04
kasper-asgreen,Kasper Asgreen,milano-sanremo,Milano-Sanremo,2026,2026-03-21,27,,EF Education - EasyPost,31,30.0,13.0,0:04
brandon-mcnulty,Brandon Mcnulty,milano-sanremo,Milano-Sanremo,2026,2026-03-21,28,,UAE Team Emirates - XRG,27,30.0,12.0,0:04
michael-valgren-andersen,Michael Valgren,milano-sanremo,Milano-Sanremo,2026,2026-03-21,30,,EF Education - EasyPost,34,30.0,10.0,0:04
mauro-schmid,Mauro Schmid,milano-sanremo,Milano-Sanremo,2026,2026-03-21,31,,Team Jayco AlUla,26,15.0,9.0,0:04
mikkel-honore,Mikkel Frølich Honoré,milano-sanremo,Milano-Sanremo,2026,2026-03-21,32,,EF Education - EasyPost,29,15.0,8.0,0:04
mark-donovan,Mark Donovan,milano-sanremo,Milano-Sanremo,2026,2026-03-21,34,,Pinarello Q36.5 Pro Cycling Team,26,15.0,6.0,0:04
natnael-tesfatsion,Natnael Tesfatsion,milano-sanremo,Milano-Sanremo,2026,2026-03-21,35,,Movistar Team,26,15.0,5.0,0:04
jordan-labrosse,Jordan Labrosse,milano-sanremo,Milano-Sanremo,2026,2026-03-21,36,,Decathlon CMA CGM Team,23,15.0,5.0,0:04
primoz-roglic,Primož Roglič,milano-sanremo,Milano-Sanremo,2026,2026-03-21,37,,Red Bull - BORA - hansgrohe,36,15.0,5.0,0:04
giulio-ciccone,Giulio Ciccone,milano-sanremo,Milano-Sanremo,2026,2026-03-21,38,,Lidl - Trek,31,15.0,5.0,0:04
giulio-pellizzari,Giulio Pellizzari,milano-sanremo,Milano-Sanremo,2026,2026-03-21,40,,Red Bull - BORA - hansgrohe,22,15.0,5.0,0:10
matteo-jorgenson,Matteo Jorgenson,milano-sanremo,Milano-Sanremo,2026,2026-03-21,42,,Team Visma | Lease a Bike,26,15.0,5.0,0:42
alfred-wright,Fred Wright,milano-sanremo,Milano-Sanremo,2026,2026-03-21,52,,Pinarello Q36.5 Pro Cycling Team,26,10.0,5.0,3:45
madis-mihkels,Madis Mihkels,milano-sanremo,Milano-Sanremo,2026,2026-03-21,83,,EF Education - EasyPost,22,,5.0,3:45
anders-skaarseth,Anders Skaarseth,milano-sanremo,Milano-Sanremo,2026,2026-03-21,95,,Uno-X Mobility,30,,5.0,3:45
alberto-bettiol,Alberto Bettiol,milano-sanremo,Milano-Sanremo,2026,2026-03-21,103,,XDS Astana Team,32,,5.0,3:45
jack-haig,Jack Haig,milano-sanremo,Milano-Sanremo,2026,2026-03-21,105,,INEOS Grenadiers,32,,5.0,3:45
biniam-girmay,Biniam Girmay,milano-sanremo,Milano-Sanremo,2026,2026-03-21,108,,NSN Cycling Team,25,,5.0,3:45
isaac-del-toro,Isaac Del Toro,milano-sanremo,Milano-Sanremo,2026,2026-03-21,110,,UAE Team Emirates - XRG,22,,5.0,4:01
mathias-vacek,Mathias Vacek,milano-sanremo,Milano-Sanremo,2026,2026-03-21,117,,Lidl - Trek,23,,5.0,5:49
finn-fisher-black,Finn Fisher-Black,milano-sanremo,Milano-Sanremo,2026,2026-03-21,121,,Red Bull - BORA - hansgrohe,24,,5.0,6:29
pier-andre-cote,Pier-André Côté,milano-sanremo,Milano-Sanremo,2026,2026-03-21,126,,NSN Cycling Team,28,,5.0,7:42
soren-kragh-andersen,Søren Kragh Andersen,milano-sanremo,Milano-Sanremo,2026,2026-03-21,129,,Lidl - Trek,31,,5.0,9:12
felix-grossschartner,Felix Großschartner,milano-sanremo,Milano-Sanremo,2026,2026-03-21,132,,UAE Team Emirates - XRG,32,,5.0,11:14
mattia-cattaneo,Mattia Cattaneo,milano-sanremo,Milano-Sanremo,2026,2026-03-21,148,,Red Bull - BORA - hansgrohe,35,,5.0,15:04
arthur-kluckers,Arthur Kluckers,milano-sanremo,Milano-Sanremo,2026,2026-03-21,156,,Tudor Pro Cycling Team,26,,5.0,16:23
jan-christen,Jan Christen,milano-sanremo,Milano-Sanremo,2026,2026-03-21,,DNF,UAE Team Emirates - XRG,21,,,
marcel-camprubi,Marcel Camprubí,milano-sanremo,Milano-Sanremo,2026,2026-03-21,,DNF,Pinarello Q36.5 Pro Cycling Team,24,,,
michal-kwiatkowski,Michał Kwiatkowski,milano-sanremo,Milano-Sanremo,2026,2026-03-21,,DNF,INEOS Grenadiers,35,,,
orluis-aular,Orluis Aular,milano-sanremo,Milano-Sanremo,2026,2026-03-21,,DNF,Movistar Team,29,,,
remco-evenepoel,Remco Evenepoel,liege-bastogne-liege,Liège-Bastogne-Liège,2023,2023-04-23,1,,Soudal Quick-Step,23,800.0,275.0,6:15:49
tom-pidcock,Tom Pidcock,liege-bastogne-liege,Liège-Bastogne-Liège,2023,2023-04-23,2,,INEOS Grenadiers,23,,200.0,1:06
santiago-buitrago-sanchez,Santiago Buitrago,liege-bastogne-liege,Liège-Bastogne-Liège,2023,2023-04-23,3,,Bahrain - Victorious,23,520.0,150.0,1:06
ben-healy,Ben Healy,liege-bastogne-liege,Liège-Bastogne-Liège,2023,2023-04-23,4,,EF Education - EasyPost,22,440.0,120.0,1:08
tiesj-benoot,Tiesj Benoot,liege-bastogne-liege,Liège-Bastogne-Liège,2023,2023-04-23,7,,Jumbo-Visma,29,240.0,80.0,1:37
patrick-konrad,Patrick Konrad,liege-bastogne-liege,Liège-Bastogne-Liège,2023,2023-04-23,8,,BORA - hansgrohe,31,200.0,70.0,1:48
marc-hirschi,Marc Hirschi,liege-bastogne-liege,Liège-Bastogne-Liège,2023,2023-04-23,10,,UAE Team Emirates,24,135.0,50.0,1:48
maxim-van-gils,Maxim Van Gils,liege-bastogne-liege,Liège-Bastogne-Liège,2023,2023-04-23,11,,Lotto Dstny,23,110.0,46.0,1:48
michael-woods,Michael Woods,liege-bastogne-liege,Liège-Bastogne-Liège,2023,2023-04-23,12,,Israel - Premier Tech,36,95.0,42.0,1:48
giulio-ciccone,Giulio Ciccone,liege-bastogne-liege,Liège-Bastogne-Liège,2023,2023-04-23,13,,Trek - Segafredo,28,85.0,38.0,1:48
pavel-sivakov,Pavel Sivakov,liege-bastogne-liege,Liège-Bastogne-Liège,2023,2023-04-23,14,,INEOS Grenadiers,25,65.0,34.0,1:48
tobias-halland-johannessen,Tobias Halland Johannessen,liege-bastogne-liege,Liège-Bastogne-Liège,2023,2023-04-23,24,,Uno-X Pro Cycling Team,23,30.0,16.0,3:15
jan-tratnik,Jan Tratnik,liege-bastogne-liege,Liège-Bastogne-Liège,2023,2023-04-23,25,,Jumbo-Visma,33,30.0,15.0,3:53
attila-valter,Attila Valter,liege-bastogne-liege,Liège-Bastogne-Liège,2023,2023-04-23,26,,Jumbo-Visma,24,30.0,14.0,3:53
bauke-mollema,Bauke Mollema,liege-bastogne-liege,Liège-Bastogne-Liège,2023,2023-04-23,29,,Trek - Segafredo,36,30.0,11.0,4:09
matej-mohoric,Matej Mohorič,liege-bastogne-liege,Liège-Bastogne-Liège,2023,2023-04-23,40,,Bahrain - Victorious,28,15.0,5.0,6:50
quinten-hermans,Quinten Hermans,liege-bastogne-liege,Liège-Bastogne-Liège,2023,2023-04-23,48,,Alpecin - Deceuninck,27,15.0,5.0,6:50
ben-o-connor,Ben O'Connor,liege-bastogne-liege,Liège-Bastogne-Liège,2023,2023-04-23,50,,AG2R Citroën Team,27,15.0,5.0,6:50
georg-zimmermann,Georg Zimmermann,liege-bastogne-liege,Liège-Bastogne-Liège,2023,2023-04-23,56,,Intermarché - Circus - Wanty,25,5.0,5.0,10:24
neilson-powless,Neilson Powless,liege-bastogne-liege,Liège-Bastogne-Liège,2023,2023-04-23,65,,EF Education - EasyPost,26,,5.0,14:26
mathijs-paasschens,Mathijs Paasschens,liege-bastogne-liege,Liège-Bastogne-Liège,2023,2023-04-23,68,,Lotto Dstny,27,,5.0,14:26
lawrence-warbasse,Larry Warbasse,liege-bastogne-liege,Liège-Bastogne-Liège,2023,2023-04-23,80,,AG2R Citroën Team,32,,5.0,14:26
jai-hindley,Jai Hindley,liege-bastogne-liege,Liège-Bastogne-Liège,2023,2023-04-23,83,,BORA - hansgrohe,26,,5.0,14:26
felix-grossschartner,Felix Großschartner,liege-bastogne-liege,Liège-Bastogne-Liège,2023,2023-04-23,84,,UAE Team Emirates,29,,5.0,14:26
christian-scaroni,Christian Scaroni,liege-bastogne-liege,Liège-Bastogne-Liège,2023,2023-04-23,87,,Astana Qazaqstan Team,25,,5.0,15:25
kevin-vermaerke,Kevin Vermaerke,liege-bastogne-liege,Liège-Bastogne-Liège,2023,2023-04-23,92,,Team DSM,22,,5.0,18:50
anthon-charmig,Anthon Charmig,liege-bastogne-liege,Liège-Bastogne-Liège,2023,2023-04-23,97,,Uno-X Pro Cycling Team,25,,5.0,18:50
raul-garcia-pierna,Raúl García Pierna,liege-bastogne-liege,Liège-Bastogne-Liège,2023,2023-04-23,101,,Equipo Kern Pharma,22,,5.0,18:50
alex-baudin,Alex Baudin,liege-bastogne-liege,Liège-Bastogne-Liège,2023,2023-04-23,109,,AG2R Citroën Team,21,,5.0,18:50
soren-kragh-andersen,Søren Kragh Andersen,liege-bastogne-liege,Liège-Bastogne-Liège,2023,2023-04-23,,DNF,Alpecin - Deceuninck,28,,,
george-bennett,George Bennett,liege-bastogne-liege,Liège-Bastogne-Liège,2023,2023-04-23,,DNF,UAE Team Emirates,33,,,
mauro-schmid,Mauro Schmid,liege-bastogne-liege,Liège-Bastogne-Liège,2023,2023-04-23,,DNF,Soudal Quick-Step,23,,,
sergio-higuita,Sergio Higuita,liege-bastogne-liege,Liège-Bastogne-Liège,2023,2023-04-23,,DNF,BORA - hansgrohe,25,,,
michal-kwiatkowski,Michał Kwiatkowski,liege-bastogne-liege,Liège-Bastogne-Liège,2023,2023-04-23,,DNF,INEOS Grenadiers,32,,,
enric-mas,Enric Mas,liege-bastogne-liege,Liège-Bastogne-Liège,2023,2023-04-23,,DNF,Movistar Team,28,,,
andreas-kron,Andreas Kron,liege-bastogne-liege,Liège-Bastogne-Liège,2023,2023-04-23,,DNF,Lotto Dstny,24,,,
mikkel-honore,Mikkel Frølich Honoré,liege-bastogne-liege,Liège-Bastogne-Liège,2023,2023-04-23,,DNF,EF Education - EasyPost,26,,,
mathieu-van-der-poel,Mathieu Van Der Poel,liege-bastogne-liege,Liège-Bastogne-Liège,2024,2024-04-21,3,,Alpecin - Deceuninck,29,520.0,150.0,2:02
maxim-van-gils,Maxim Van Gils,liege-bastogne-liege,Liège-Bastogne-Liège,2024,2024-04-21,4,,Lotto Dstny,24,440.0,120.0,2:02
tom-pidcock,Tom Pidcock,liege-bastogne-liege,Liège-Bastogne-Liège,2024,2024-04-21,10,,INEOS Grenadiers,24,135.0,50.0,2:02
tiesj-benoot,Tiesj Benoot,liege-bastogne-liege,Liège-Bastogne-Liège,2024,2024-04-21,12,,Team Visma | Lease a Bike,30,95.0,42.0,2:02
bauke-mollema,Bauke Mollema,liege-bastogne-liege,Liège-Bastogne-Liège,2024,2024-04-21,13,,Lidl - Trek,37,85.0,38.0,2:02
marc-hirschi,Marc Hirschi,liege-bastogne-liege,Liège-Bastogne-Liège,2024,2024-04-21,17,,UAE Team Emirates,25,50.0,26.0,2:02
kevin-vermaerke,Kevin Vermaerke,liege-bastogne-liege,Liège-Bastogne-Liège,2024,2024-04-21,23,,Team dsm-firmenich PostNL,23,30.0,17.0,2:02
tobias-halland-johannessen,Tobias Halland Johannessen,liege-bastogne-liege,Liège-Bastogne-Liège,2024,2024-04-21,25,,Uno-X Mobility,24,30.0,15.0,2:02
ben-healy,Ben Healy,liege-bastogne-liege,Liège-Bastogne-Liège,2024,2024-04-21,27,,EF Education - EasyPost,23,30.0,13.0,2:02
joao-almeida,João Almeida,liege-bastogne-liege,Liège-Bastogne-Liège,2024,2024-04-21,29,,UAE Team Emirates,25,30.0,11.0,3:52
quinten-hermans,Quinten Hermans,liege-bastogne-liege,Liège-Bastogne-Liège,2024,2024-04-21,35,,Alpecin - Deceuninck,28,15.0,5.0,4:46
michael-matthews,Michael Matthews,liege-bastogne-liege,Liège-Bastogne-Liège,2024,2024-04-21,36,,Team Jayco AlUla,33,15.0,5.0,4:46
andreas-kron,Andreas Kron,liege-bastogne-liege,Liège-Bastogne-Liège,2024,2024-04-21,37,,Lotto Dstny,25,15.0,5.0,4:46
nicolas-prodhomme,Nicolas Prodhomme,liege-bastogne-liege,Liège-Bastogne-Liège,2024,2024-04-21,38,,Decathlon AG2R La Mondiale Team,27,15.0,5.0,4:46
attila-valter,Attila Valter,liege-bastogne-liege,Liège-Bastogne-Liège,2024,2024-04-21,40,,Team Visma | Lease a Bike,25,15.0,5.0,4:46
santiago-buitrago-sanchez,Santiago Buitrago,liege-bastogne-liege,Liège-Bastogne-Liège,2024,2024-04-21,41,,Bahrain - Victorious,24,15.0,5.0,4:46
mikkel-honore,Mikkel Frølich Honoré,liege-bastogne-liege,Liège-Bastogne-Liège,2024,2024-04-21,46,,EF Education - EasyPost,27,15.0,5.0,6:14
felix-gall,Felix Gall,liege-bastogne-liege,Liège-Bastogne-Liège,2024,2024-04-21,47,,Decathlon AG2R La Mondiale Team,26,15.0,5.0,6:14
toms-skujins,Toms Skujiņš,liege-bastogne-liege,Liège-Bastogne-Liège,2024,2024-04-21,48,,Lidl - Trek,32,15.0,5.0,9:29
georg-zimmermann,Georg Zimmermann,liege-bastogne-liege,Liège-Bastogne-Liège,2024,2024-04-21,49,,Intermarché - Wanty,26,15.0,5.0,9:29
jai-hindley,Jai Hindley,liege-bastogne-liege,Liège-Bastogne-Liège,2024,2024-04-21,52,,BORA - hansgrohe,27,10.0,5.0,12:11
christian-scaroni,Christian Scaroni,liege-bastogne-liege,Liège-Bastogne-Liège,2024,2024-04-21,53,,Astana Qazaqstan Team,26,10.0,5.0,13:10
andreas-leknessund,Andreas Leknessund,liege-bastogne-liege,Liège-Bastogne-Liège,2024,2024-04-21,61,,Uno-X Mobility,24,,5.0,14:49
anthon-charmig,Anthon Charmig,liege-bastogne-liege,Liège-Bastogne-Liège,2024,2024-04-21,63,,Astana Qazaqstan Team,26,,5.0,15:09
soren-kragh-andersen,Søren Kragh Andersen,liege-bastogne-liege,Liège-Bastogne-Liège,2024,2024-04-21,67,,Alpecin - Deceuninck,29,,5.0,16:33
george-bennett,George Bennett,liege-bastogne-liege,Liège-Bastogne-Liège,2024,2024-04-21,73,,Israel - Premier Tech,34,,5.0,17:08
jordan-jegat,Jordan Jegat,liege-bastogne-liege,Liège-Bastogne-Liège,2024,2024-04-21,77,,TotalEnergies,24,,5.0,17:08
derek-gee,Derek Gee-West,liege-bastogne-liege,Liège-Bastogne-Liège,2024,2024-04-21,86,,Israel - Premier Tech,26,,5.0,18:05
brandon-smith-rivera-vargas,Brandon Smith Rivera,liege-bastogne-liege,Liège-Bastogne-Liège,2024,2024-04-21,87,,INEOS Grenadiers,28,,5.0,18:48
james-shaw,James Shaw,liege-bastogne-liege,Liège-Bastogne-Liège,2024,2024-04-21,95,,EF Education - EasyPost,27,,5.0,19:13
anders-skaarseth,Anders Skaarseth,liege-bastogne-liege,Liège-Bastogne-Liège,2024,2024-04-21,110,,Uno-X Mobility,28,,5.0,22:32
bruno-armirail,Bruno Armirail,liege-bastogne-liege,Liège-Bastogne-Liège,2024,2024-04-21,,DNF,Decathlon AG2R La Mondiale Team,30,,,
mauro-schmid,Mauro Schmid,liege-bastogne-liege,Liège-Bastogne-Liège,2024,2024-04-21,,DNF,Team Jayco AlUla,24,,,
finn-fisher-black,Finn Fisher-Black,liege-bastogne-liege,Liège-Bastogne-Liège,2024,2024-04-21,,DNF,UAE Team Emirates,22,,,
patrick-konrad,Patrick Konrad,liege-bastogne-liege,Liège-Bastogne-Liège,2024,2024-04-21,,DNF,Lidl - Trek,32,,,
michal-kwiatkowski,Michał Kwiatkowski,liege-bastogne-liege,Liège-Bastogne-Liège,2024,2024-04-21,,DNF,INEOS Grenadiers,33,,,
ivan-romeo,Iván Romeo,liege-bastogne-liege,Liège-Bastogne-Liège,2024,2024-04-21,,DNF,Movistar Team,20,,,
mathijs-paasschens,Mathijs Paasschens,liege-bastogne-liege,Liège-Bastogne-Liège,2024,2024-04-21,,DNF,Lotto Dstny,28,,,
giulio-ciccone,Giulio Ciccone,liege-bastogne-liege,Liège-Bastogne-Liège,2025,2025-04-27,2,,Lidl - Trek,30,640.0,200.0,1:03
ben-healy,Ben Healy,liege-bastogne-liege,Liège-Bastogne-Liège,2025,2025-04-27,3,,EF Education - EasyPost,24,520.0,150.0,1:03
thibau-nys,Thibau Nys,liege-bastogne-liege,Liège-Bastogne-Liège,2025,2025-04-27,5,,Lidl - Trek,22,360.0,100.0,1:10
tom-pidcock,Tom Pidcock,liege-bastogne-liege,Liège-Bastogne-Liège,2025,2025-04-27,9,,Q36.5 Pro Cycling Team,25,160.0,60.0,1:10
neilson-powless,Neilson Powless,liege-bastogne-liege,Liège-Bastogne-Liège,2025,2025-04-27,10,,EF Education - EasyPost,28,135.0,50.0,1:10
michael-matthews,Michael Matthews,liege-bastogne-liege,Liège-Bastogne-Liège,2025,2025-04-27,11,,Team Jayco AlUla,34,110.0,46.0,1:10
oscar-onley,Oscar Onley,liege-bastogne-liege,Liège-Bastogne-Liège,2025,2025-04-27,12,,Team Picnic PostNL,22,95.0,42.0,1:10
tiesj-benoot,Tiesj Benoot,liege-bastogne-liege,Liège-Bastogne-Liège,2025,2025-04-27,13,,Team Visma | Lease a Bike,31,85.0,38.0,1:10
andreas-leknessund,Andreas Leknessund,liege-bastogne-liege,Liège-Bastogne-Liège,2025,2025-04-27,17,,Uno-X Mobility,25,50.0,26.0,1:10
mauro-schmid,Mauro Schmid,liege-bastogne-liege,Liège-Bastogne-Liège,2025,2025-04-27,22,,Team Jayco AlUla,25,30.0,18.0,1:10
christian-scaroni,Christian Scaroni,liege-bastogne-liege,Liège-Bastogne-Liège,2025,2025-04-27,23,,XDS Astana Team,27,30.0,17.0,1:10
jordan-jegat,Jordan Jegat,liege-bastogne-liege,Liège-Bastogne-Liège,2025,2025-04-27,24,,TotalEnergies,25,30.0,16.0,1:10
brandon-mcnulty,Brandon Mcnulty,liege-bastogne-liege,Liège-Bastogne-Liège,2025,2025-04-27,26,,UAE Team Emirates - XRG,27,30.0,14.0,1:10
alex-baudin,Alex Baudin,liege-bastogne-liege,Liège-Bastogne-Liège,2025,2025-04-27,30,,EF Education - EasyPost,23,30.0,10.0,1:10
attila-valter,Attila Valter,liege-bastogne-liege,Liège-Bastogne-Liège,2025,2025-04-27,31,,Team Visma | Lease a Bike,26,15.0,9.0,1:10
santiago-buitrago-sanchez,Santiago Buitrago,liege-bastogne-liege,Liège-Bastogne-Liège,2025,2025-04-27,37,,Bahrain - Victorious,25,15.0,5.0,1:10
pavel-sivakov,Pavel Sivakov,liege-bastogne-liege,Liège-Bastogne-Liège,2025,2025-04-27,38,,UAE Team Emirates - XRG,27,15.0,5.0,1:10
ben-o-connor,Ben O'Connor,liege-bastogne-liege,Liège-Bastogne-Liège,2025,2025-04-27,44,,Team Jayco AlUla,29,15.0,5.0,1:21
marc-hirschi,Marc Hirschi,liege-bastogne-liege,Liège-Bastogne-Liège,2025,2025-04-27,45,,Tudor Pro Cycling Team,26,15.0,5.0,2:20
quinten-hermans,Quinten Hermans,liege-bastogne-liege,Liège-Bastogne-Liège,2025,2025-04-27,47,,Alpecin - Deceuninck,29,15.0,5.0,2:58
georg-zimmermann,Georg Zimmermann,liege-bastogne-liege,Liège-Bastogne-Liège,2025,2025-04-27,48,,Intermarché - Wanty,27,15.0,5.0,2:58
jack-haig,Jack Haig,liege-bastogne-liege,Liège-Bastogne-Liège,2025,2025-04-27,53,,Bahrain - Victorious,31,10.0,5.0,2:58
nelson-oliveira,Nelson Oliveira,liege-bastogne-liege,Liège-Bastogne-Liège,2025,2025-04-27,54,,Movistar Team,36,10.0,5.0,2:58
giulio-pellizzari,Giulio Pellizzari,liege-bastogne-liege,Liège-Bastogne-Liège,2025,2025-04-27,57,,Red Bull - BORA - hansgrohe,21,5.0,5.0,3:01
remco-evenepoel,Remco Evenepoel,liege-bastogne-liege,Liège-Bastogne-Liège,2025,2025-04-27,59,,Soudal Quick-Step,25,5.0,5.0,3:11
patrick-konrad,Patrick Konrad,liege-bastogne-liege,Liège-Bastogne-Liège,2025,2025-04-27,63,,Lidl - Trek,33,,5.0,5:38
jordan-labrosse,Jordan Labrosse,liege-bastogne-liege,Liège-Bastogne-Liège,2025,2025-04-27,70,,Decathlon AG2R La Mondiale Team,22,,5.0,5:41
maximilian-schachmann,Maximilian Schachmann,liege-bastogne-liege,Liège-Bastogne-Liège,2025,2025-04-27,92,,Soudal Quick-Step,31,,5.0,10:56
raul-garcia-pierna,Raúl García Pierna,liege-bastogne-liege,Liège-Bastogne-Liège,2025,2025-04-27,97,,Arkéa - B&B Hotels,24,,5.0,10:56
enric-mas,Enric Mas,liege-bastogne-liege,Liège-Bastogne-Liège,2025,2025-04-27,99,,Movistar Team,30,,5.0,10:56
felix-grossschartner,Felix Großschartner,liege-bastogne-liege,Liège-Bastogne-Liège,2025,2025-04-27,101,,UAE Team Emirates - XRG,31,,5.0,10:56
marco-brenner,Marco Brenner,liege-bastogne-liege,Liège-Bastogne-Liège,2025,2025-04-27,104,,Tudor Pro Cycling Team,22,-25.0,5.0,14:27
mathijs-paasschens,Mathijs Paasschens,liege-bastogne-liege,Liège-Bastogne-Liège,2025,2025-04-27,112,,Bahrain - Victorious,29,,5.0,16:19
kasper-asgreen,Kasper Asgreen,liege-bastogne-liege,Liège-Bastogne-Liège,2025,2025-04-27,117,,EF Education - EasyPost,30,,5.0,16:45
marcel-camprubi,Marcel Camprubí,liege-bastogne-liege,Liège-Bastogne-Liège,2025,2025-04-27,123,,Q36.5 Pro Cycling Team,23,,5.0,16:47
nickolas-zukowsky,Nickolas Zukowsky,liege-bastogne-liege,Liège-Bastogne-Liège,2025,2025-04-27,125,,Q36.5 Pro Cycling Team,26,,5.0,16:47
gal-glivar,Gal Glivar,liege-bastogne-liege,Liège-Bastogne-Liège,2025,2025-04-27,126,,Alpecin - Deceuninck,22,,5.0,16:47
anton-kuzmin,Anton Kuzmin,liege-bastogne-liege,Liège-Bastogne-Liège,2025,2025-04-27,,DNF,XDS Astana Team,28,,,
mark-donovan,Mark Donovan,liege-bastogne-liege,Liège-Bastogne-Liège,2025,2025-04-27,,DNF,Q36.5 Pro Cycling Team,26,,,
kevin-vermaerke,Kevin Vermaerke,liege-bastogne-liege,Liège-Bastogne-Liège,2025,2025-04-27,,DNF,Team Picnic PostNL,24,,,
maxim-van-gils,Maxim Van Gils,liege-bastogne-liege,Liège-Bastogne-Liège,2025,2025-04-27,,DNF,Red Bull - BORA - hansgrohe,25,,,
tobias-foss,Tobias Foss,liege-bastogne-liege,Liège-Bastogne-Liège,2025,2025-04-27,,DNF,INEOS Grenadiers,27,,,
george-bennett,George Bennett,liege-bastogne-liege,Liège-Bastogne-Liège,2025,2025-04-27,,DNS,Israel - Premier Tech,35,,,
paul-seixas,Paul Seixas,liege-bastogne-liege,Liège-Bastogne-Liège,2026,2026-04-26,2,,Decathlon CMA CGM Team,19,640.0,200.0,0:45
remco-evenepoel,Remco Evenepoel,liege-bastogne-liege,Liège-Bastogne-Liège,2026,2026-04-26,3,,Red Bull - BORA - hansgrohe,26,520.0,150.0,1:42
christian-scaroni,Christian Scaroni,liege-bastogne-liege,Liège-Bastogne-Liège,2026,2026-04-26,8,,XDS Astana Team,28,200.0,70.0,1:42
tobias-halland-johannessen,Tobias Halland Johannessen,liege-bastogne-liege,Liège-Bastogne-Liège,2026,2026-04-26,9,,Uno-X Mobility,26,160.0,60.0,1:42
mauro-schmid,Mauro Schmid,liege-bastogne-liege,Liège-Bastogne-Liège,2026,2026-04-26,11,,Team Jayco AlUla,26,110.0,46.0,1:42
jai-hindley,Jai Hindley,liege-bastogne-liege,Liège-Bastogne-Liège,2026,2026-04-26,16,,Red Bull - BORA - hansgrohe,29,50.0,28.0,1:42
alex-baudin,Alex Baudin,liege-bastogne-liege,Liège-Bastogne-Liège,2026,2026-04-26,19,,EF Education - EasyPost,24,50.0,22.0,1:42
giulio-ciccone,Giulio Ciccone,liege-bastogne-liege,Liège-Bastogne-Liège,2026,2026-04-26,20,,Lidl - Trek,31,50.0,20.0,1:42
santiago-buitrago-sanchez,Santiago Buitrago,liege-bastogne-liege,Liège-Bastogne-Liège,2026,2026-04-26,22,,Bahrain - Victorious,26,30.0,18.0,1:42
ben-o-connor,Ben O'Connor,liege-bastogne-liege,Liège-Bastogne-Liège,2026,2026-04-26,25,,Team Jayco AlUla,30,30.0,15.0,2:27
georg-zimmermann,Georg Zimmermann,liege-bastogne-liege,Liège-Bastogne-Liège,2026,2026-04-26,26,,Lotto Intermarché,28,30.0,14.0,3:43
andreas-leknessund,Andreas Leknessund,liege-bastogne-liege,Liège-Bastogne-Liège,2026,2026-04-26,28,,Uno-X Mobility,26,30.0,12.0,3:43
maximilian-schachmann,Maximilian Schachmann,liege-bastogne-liege,Liège-Bastogne-Liège,2026,2026-04-26,30,,Soudal Quick-Step,32,30.0,10.0,3:43
mikkel-honore,Mikkel Frølich Honoré,liege-bastogne-liege,Liège-Bastogne-Liège,2026,2026-04-26,35,,EF Education - EasyPost,29,15.0,5.0,5:30
george-bennett,George Bennett,liege-bastogne-liege,Liège-Bastogne-Liège,2026,2026-04-26,36,,NSN Cycling Team,36,15.0,5.0,5:30
quinten-hermans,Quinten Hermans,liege-bastogne-liege,Liège-Bastogne-Liège,2026,2026-04-26,38,,Pinarello Q36.5 Pro Cycling Team,30,15.0,5.0,5:33
natnael-tesfatsion,Natnael Tesfatsion,liege-bastogne-liege,Liège-Bastogne-Liège,2026,2026-04-26,43,,Movistar Team,26,15.0,5.0,5:33
finn-fisher-black,Finn Fisher-Black,liege-bastogne-liege,Liège-Bastogne-Liège,2026,2026-04-26,45,,Red Bull - BORA - hansgrohe,24,15.0,5.0,5:33
gal-glivar,Gal Glivar,liege-bastogne-liege,Liège-Bastogne-Liège,2026,2026-04-26,52,,Alpecin - Premier Tech,23,10.0,5.0,9:22
michael-leonard1,Michael Leonard,liege-bastogne-liege,Liège-Bastogne-Liège,2026,2026-04-26,54,,EF Education - EasyPost,22,10.0,5.0,9:22
menno-huising,Menno Huising,liege-bastogne-liege,Liège-Bastogne-Liège,2026,2026-04-26,56,,Team Visma | Lease a Bike,22,5.0,5.0,9:22
jack-haig,Jack Haig,liege-bastogne-liege,Liège-Bastogne-Liège,2026,2026-04-26,59,,INEOS Grenadiers,32,5.0,5.0,9:25
nicolas-prodhomme,Nicolas Prodhomme,liege-bastogne-liege,Liège-Bastogne-Liège,2026,2026-04-26,60,,Decathlon CMA CGM Team,29,5.0,5.0,9:25
afonso-eulalio,Afonso Eulálio,liege-bastogne-liege,Liège-Bastogne-Liège,2026,2026-04-26,62,,Bahrain - Victorious,24,,5.0,9:25
carlos-verona,Carlos Verona,liege-bastogne-liege,Liège-Bastogne-Liège,2026,2026-04-26,63,,Lidl - Trek,33,,5.0,9:25
andreas-kron,Andreas Kron,liege-bastogne-liege,Liège-Bastogne-Liège,2026,2026-04-26,65,,Uno-X Mobility,27,,5.0,9:25
pavel-sivakov,Pavel Sivakov,liege-bastogne-liege,Liège-Bastogne-Liège,2026,2026-04-26,68,,UAE Team Emirates - XRG,28,,5.0,10:41
pascal-eenkhoorn,Pascal Eenkhoorn,liege-bastogne-liege,Liège-Bastogne-Liège,2026,2026-04-26,78,,Soudal Quick-Step,29,,5.0,16:04
jakub-otruba,Jakub Otruba,liege-bastogne-liege,Liège-Bastogne-Liège,2026,2026-04-26,80,,Caja Rural - Seguros RGA,28,,5.0,16:04
jan-tratnik,Jan Tratnik,liege-bastogne-liege,Liège-Bastogne-Liège,2026,2026-04-26,88,,Red Bull - BORA - hansgrohe,36,,5.0,16:04
hugo-houle,Hugo Houle,liege-bastogne-liege,Liège-Bastogne-Liège,2026,2026-04-26,91,,Alpecin - Premier Tech,35,,5.0,16:08
patrick-konrad,Patrick Konrad,liege-bastogne-liege,Liège-Bastogne-Liège,2026,2026-04-26,92,,Lidl - Trek,34,,5.0,16:08
brandon-smith-rivera-vargas,Brandon Smith Rivera,liege-bastogne-liege,Liège-Bastogne-Liège,2026,2026-04-26,94,,INEOS Grenadiers,30,,5.0,16:08
anthon-charmig,Anthon Charmig,liege-bastogne-liege,Liège-Bastogne-Liège,2026,2026-04-26,99,,Uno-X Mobility,28,,5.0,16:08
tom-pidcock,Tom Pidcock,liege-bastogne-liege,Liège-Bastogne-Liège,2026,2026-04-26,101,,Pinarello Q36.5 Pro Cycling Team,26,,5.0,16:15
marco-brenner,Marco Brenner,liege-bastogne-liege,Liège-Bastogne-Liège,2026,2026-04-26,103,,Tudor Pro Cycling Team,23,,5.0,16:15
jordan-labrosse,Jordan Labrosse,liege-bastogne-liege,Liège-Bastogne-Liège,2026,2026-04-26,,DNF,Decathlon CMA CGM Team,23,,,
eric-antonio-fagundez,Eric Antonio Fagúndez,liege-bastogne-liege,Liège-Bastogne-Liège,2026,2026-04-26,,DNF,Burgos Burpellet BH,27,,,
anton-kuzmin,Anton Kuzmin,liege-bastogne-liege,Liège-Bastogne-Liège,2026,2026-04-26,,DNF,XDS Astana Team,29,,,
marcel-camprubi,Marcel Camprubí,liege-bastogne-liege,Liège-Bastogne-Liège,2026,2026-04-26,,DNF,Pinarello Q36.5 Pro Cycling Team,24,,,
nico-denz,Nico Denz,liege-bastogne-liege,Liège-Bastogne-Liège,2026,2026-04-26,,DNF,Red Bull - BORA - hansgrohe,32,,,
ivan-romeo,Iván Romeo,liege-bastogne-liege,Liège-Bastogne-Liège,2026,2026-04-26,,DNF,Movistar Team,22,,,
pavel-novak,Pavel Novák,liege-bastogne-liege,Liège-Bastogne-Liège,2026,2026-04-26,,DNF,Movistar Team,21,,,
raul-garcia-pierna,Raúl García Pierna,liege-bastogne-liege,Liège-Bastogne-Liège,2026,2026-04-26,,DNF,Movistar Team,25,,,
mathijs-paasschens,Mathijs Paasschens,liege-bastogne-liege,Liège-Bastogne-Liège,2026,2026-04-26,,DNF,Bahrain - Victorious,30,,,
lawrence-warbasse,Larry Warbasse,liege-bastogne-liege,Liège-Bastogne-Liège,2026,2026-04-26,,DNF,Tudor Pro Cycling Team,35,,,
james-shaw,James Shaw,liege-bastogne-liege,Liège-Bastogne-Liège,2026,2026-04-26,,DNS,EF Education - EasyPost,29,,,
primoz-roglic,Primož Roglič,il-lombardia,Il Lombardia,2023,2023-10-07,3,,Jumbo-Visma,33,520.0,150.0,0:52
adam-yates,Adam Yates,il-lombardia,Il Lombardia,2023,2023-10-07,6,,UAE Team Emirates,31,280.0,90.0,0:52
remco-evenepoel,Remco Evenepoel,il-lombardia,Il Lombardia,2023,2023-10-07,9,,Soudal Quick-Step,23,160.0,60.0,1:26
andreas-kron,Andreas Kron,il-lombardia,Il Lombardia,2023,2023-10-07,10,,Lotto Dstny,25,135.0,50.0,1:26
michael-woods,Michael Woods,il-lombardia,Il Lombardia,2023,2023-10-07,12,,Israel - Premier Tech,36,95.0,42.0,1:26
maxim-van-gils,Maxim Van Gils,il-lombardia,Il Lombardia,2023,2023-10-07,14,,Lotto Dstny,23,65.0,34.0,1:30
marc-hirschi,Marc Hirschi,il-lombardia,Il Lombardia,2023,2023-10-07,19,,UAE Team Emirates,25,50.0,22.0,2:08
attila-valter,Attila Valter,il-lombardia,Il Lombardia,2023,2023-10-07,22,,Jumbo-Visma,25,30.0,18.0,2:56
matteo-jorgenson,Matteo Jorgenson,il-lombardia,Il Lombardia,2023,2023-10-07,23,,Movistar Team,24,30.0,17.0,3:02
davide-piganzoli,Davide Piganzoli,il-lombardia,Il Lombardia,2023,2023-10-07,28,,EOLO-Kometa,21,30.0,12.0,3:43
ben-healy,Ben Healy,il-lombardia,Il Lombardia,2023,2023-10-07,30,,EF Education - EasyPost,23,30.0,10.0,5:35
santiago-buitrago-sanchez,Santiago Buitrago,il-lombardia,Il Lombardia,2023,2023-10-07,32,,Bahrain - Victorious,24,15.0,8.0,5:38
ben-o-connor,Ben O'Connor,il-lombardia,Il Lombardia,2023,2023-10-07,34,,AG2R Citroën Team,27,15.0,6.0,5:38
nicolas-prodhomme,Nicolas Prodhomme,il-lombardia,Il Lombardia,2023,2023-10-07,42,,AG2R Citroën Team,26,15.0,5.0,8:52
bauke-mollema,Bauke Mollema,il-lombardia,Il Lombardia,2023,2023-10-07,43,,Lidl - Trek,36,15.0,5.0,8:52
jai-hindley,Jai Hindley,il-lombardia,Il Lombardia,2023,2023-10-07,44,,BORA - hansgrohe,27,15.0,5.0,8:52
pavel-sivakov,Pavel Sivakov,il-lombardia,Il Lombardia,2023,2023-10-07,45,,INEOS Grenadiers,26,15.0,5.0,8:52
jan-tratnik,Jan Tratnik,il-lombardia,Il Lombardia,2023,2023-10-07,47,,Jumbo-Visma,33,15.0,5.0,8:52
carlos-verona,Carlos Verona,il-lombardia,Il Lombardia,2023,2023-10-07,58,,Movistar Team,30,5.0,5.0,11:33
tiesj-benoot,Tiesj Benoot,il-lombardia,Il Lombardia,2023,2023-10-07,63,,Jumbo-Visma,29,,5.0,12:33
christian-scaroni,Christian Scaroni,il-lombardia,Il Lombardia,2023,2023-10-07,69,,Astana Qazaqstan Team,25,,5.0,13:27
mattia-cattaneo,Mattia Cattaneo,il-lombardia,Il Lombardia,2023,2023-10-07,70,,Soudal Quick-Step,32,,5.0,14:20
mark-donovan,Mark Donovan,il-lombardia,Il Lombardia,2023,2023-10-07,72,,Q36.5 Pro Cycling Team,24,,5.0,14:41
oscar-onley,Oscar Onley,il-lombardia,Il Lombardia,2023,2023-10-07,77,,Team dsm - firmenich,20,,5.0,14:41
amanuel-ghebreigzabhier,Amanuel Ghebreigzabhier,il-lombardia,Il Lombardia,2023,2023-10-07,78,,Lidl - Trek,29,,5.0,14:41
felix-gall,Felix Gall,il-lombardia,Il Lombardia,2023,2023-10-07,80,,AG2R Citroën Team,25,,5.0,14:41
natnael-tesfatsion,Natnael Tesfatsion,il-lombardia,Il Lombardia,2023,2023-10-07,84,,Lidl - Trek,24,,5.0,14:55
georg-zimmermann,Georg Zimmermann,il-lombardia,Il Lombardia,2023,2023-10-07,95,,Intermarché - Circus - Wanty,25,,5.0,18:30
valentin-paret-peintre,Valentin Paret-Peintre,il-lombardia,Il Lombardia,2023,2023-10-07,101,,AG2R Citroën Team,22,,5.0,18:30
henok-mulubrhan,Henok Mulubrhan,il-lombardia,Il Lombardia,2023,2023-10-07,113,,Green Project - Bardiani CSF - Faizanè,23,-25.0,5.0,22:51
lawrence-warbasse,Larry Warbasse,il-lombardia,Il Lombardia,2023,2023-10-07,,DNF,AG2R Citroën Team,33,,,
sergio-higuita,Sergio Higuita,il-lombardia,Il Lombardia,2023,2023-10-07,,DNF,BORA - hansgrohe,26,,,
mikkel-honore,Mikkel Frølich Honoré,il-lombardia,Il Lombardia,2023,2023-10-07,,DNF,EF Education - EasyPost,26,,,
hugo-houle,Hugo Houle,il-lombardia,Il Lombardia,2023,2023-10-07,,DNF,Israel - Premier Tech,33,,,
mathijs-paasschens,Mathijs Paasschens,il-lombardia,Il Lombardia,2023,2023-10-07,,DNF,Lotto Dstny,27,,,
enric-mas,Enric Mas,il-lombardia,Il Lombardia,2023,2023-10-07,,DNF,Movistar Team,28,,,
kevin-vermaerke,Kevin Vermaerke,il-lombardia,Il Lombardia,2023,2023-10-07,,DNF,Team dsm - firmenich,22,,,
arthur-kluckers,Arthur Kluckers,il-lombardia,Il Lombardia,2023,2023-10-07,,DNF,Tudor Pro Cycling Team,23,,,
remco-evenepoel,Remco Evenepoel,il-lombardia,Il Lombardia,2024,2024-10-12,2,,Soudal Quick-Step,24,640.0,200.0,3:16
giulio-ciccone,Giulio Ciccone,il-lombardia,Il Lombardia,2024,2024-10-12,3,,Lidl - Trek,29,520.0,150.0,4:31
enric-mas,Enric Mas,il-lombardia,Il Lombardia,2024,2024-10-12,5,,Movistar Team,29,360.0,100.0,4:34
pavel-sivakov,Pavel Sivakov,il-lombardia,Il Lombardia,2024,2024-10-12,6,,UAE Team Emirates,27,280.0,90.0,4:34
neilson-powless,Neilson Powless,il-lombardia,Il Lombardia,2024,2024-10-12,8,,EF Education - EasyPost,28,200.0,70.0,4:58
bauke-mollema,Bauke Mollema,il-lombardia,Il Lombardia,2024,2024-10-12,12,,Lidl - Trek,37,95.0,42.0,4:58
michael-storer,Michael Storer,il-lombardia,Il Lombardia,2024,2024-10-12,13,,Tudor Pro Cycling Team,27,85.0,38.0,4:58
giulio-pellizzari,Giulio Pellizzari,il-lombardia,Il Lombardia,2024,2024-10-12,14,,VF Group - Bardiani CSF - Faizanè,20,65.0,34.0,5:45
nairo-quintana,Nairo Quintana,il-lombardia,Il Lombardia,2024,2024-10-12,16,,Movistar Team,34,50.0,28.0,7:28
georg-zimmermann,Georg Zimmermann,il-lombardia,Il Lombardia,2024,2024-10-12,19,,Intermarché - Wanty,27,50.0,22.0,7:56
kevin-vermaerke,Kevin Vermaerke,il-lombardia,Il Lombardia,2024,2024-10-12,23,,Team dsm-firmenich PostNL,23,30.0,17.0,8:20
jai-hindley,Jai Hindley,il-lombardia,Il Lombardia,2024,2024-10-12,24,,Red Bull - BORA - hansgrohe,28,30.0,16.0,8:20
davide-piganzoli,Davide Piganzoli,il-lombardia,Il Lombardia,2024,2024-10-12,28,,Team Polti Kometa,22,30.0,12.0,8:56
lawrence-warbasse,Larry Warbasse,il-lombardia,Il Lombardia,2024,2024-10-12,34,,Decathlon AG2R La Mondiale Team,34,15.0,6.0,11:23
marc-hirschi,Marc Hirschi,il-lombardia,Il Lombardia,2024,2024-10-12,44,,UAE Team Emirates,26,15.0,5.0,11:23
attila-valter,Attila Valter,il-lombardia,Il Lombardia,2024,2024-10-12,46,,Team Visma | Lease a Bike,26,15.0,5.0,12:18
ben-healy,Ben Healy,il-lombardia,Il Lombardia,2024,2024-10-12,49,,EF Education - EasyPost,24,15.0,5.0,12:21
tiesj-benoot,Tiesj Benoot,il-lombardia,Il Lombardia,2024,2024-10-12,58,,Team Visma | Lease a Bike,30,5.0,5.0,16:03
mattia-cattaneo,Mattia Cattaneo,il-lombardia,Il Lombardia,2024,2024-10-12,63,,Soudal Quick-Step,33,,5.0,16:03
andreas-leknessund,Andreas Leknessund,il-lombardia,Il Lombardia,2024,2024-10-12,77,,Uno-X Mobility,25,,5.0,18:12
nicolas-prodhomme,Nicolas Prodhomme,il-lombardia,Il Lombardia,2024,2024-10-12,79,,Decathlon AG2R La Mondiale Team,27,,5.0,18:12
adam-yates,Adam Yates,il-lombardia,Il Lombardia,2024,2024-10-12,81,,UAE Team Emirates,32,,5.0,18:12
george-bennett,George Bennett,il-lombardia,Il Lombardia,2024,2024-10-12,82,,Israel - Premier Tech,34,,5.0,18:12
sergio-higuita,Sergio Higuita,il-lombardia,Il Lombardia,2024,2024-10-12,85,,Red Bull - BORA - hansgrohe,27,,5.0,18:12
santiago-buitrago-sanchez,Santiago Buitrago,il-lombardia,Il Lombardia,2024,2024-10-12,86,,Bahrain - Victorious,25,,5.0,18:12
bart-lemmen,Bart Lemmen,il-lombardia,Il Lombardia,2024,2024-10-12,93,,Team Visma | Lease a Bike,28,,5.0,21:25
toms-skujins,Toms Skujiņš,il-lombardia,Il Lombardia,2024,2024-10-12,96,,Lidl - Trek,33,,5.0,23:05
tobias-halland-johannessen,Tobias Halland Johannessen,il-lombardia,Il Lombardia,2024,2024-10-12,97,,Uno-X Mobility,25,,5.0,23:05
brandon-smith-rivera-vargas,Brandon Smith Rivera,il-lombardia,Il Lombardia,2024,2024-10-12,101,,INEOS Grenadiers,28,,5.0,23:47
matej-mohoric,Matej Mohorič,il-lombardia,Il Lombardia,2024,2024-10-12,111,,Bahrain - Victorious,29,,5.0,24:41
jan-christen,Jan Christen,il-lombardia,Il Lombardia,2024,2024-10-12,,DNF,UAE Team Emirates,20,,,
finn-fisher-black,Finn Fisher-Black,il-lombardia,Il Lombardia,2024,2024-10-12,,DNF,UAE Team Emirates,22,,,
christian-scaroni,Christian Scaroni,il-lombardia,Il Lombardia,2024,2024-10-12,,DNF,Astana Qazaqstan Team,26,,,
matteo-jorgenson,Matteo Jorgenson,il-lombardia,Il Lombardia,2024,2024-10-12,,DNF,Team Visma | Lease a Bike,25,,,
florian-lipowitz,Florian Lipowitz,il-lombardia,Il Lombardia,2024,2024-10-12,,DNF,Red Bull - BORA - hansgrohe,24,,,
andreas-kron,Andreas Kron,il-lombardia,Il Lombardia,2024,2024-10-12,,DNF,Lotto Dstny,26,,,
michael-woods,Michael Woods,il-lombardia,Il Lombardia,2024,2024-10-12,,DNF,Israel - Premier Tech,38,,,
james-shaw,James Shaw,il-lombardia,Il Lombardia,2024,2024-10-12,,DNF,EF Education - EasyPost,28,,,
marco-brenner,Marco Brenner,il-lombardia,Il Lombardia,2024,2024-10-12,,DNF,Tudor Pro Cycling Team,22,,,
jan-tratnik,Jan Tratnik,il-lombardia,Il Lombardia,2024,2024-10-12,,DNS,Team Visma | Lease a Bike,34,,,
remco-evenepoel,Remco Evenepoel,il-lombardia,Il Lombardia,2025,2025-10-11,2,,Soudal Quick-Step,25,640.0,200.0,1:48
michael-storer,Michael Storer,il-lombardia,Il Lombardia,2025,2025-10-11,3,,Tudor Pro Cycling Team,28,520.0,150.0,3:14
quinn-simmons,Quinn Simmons,il-lombardia,Il Lombardia,2025,2025-10-11,4,,Lidl - Trek,24,440.0,120.0,3:39
isaac-del-toro,Isaac Del Toro,il-lombardia,Il Lombardia,2025,2025-10-11,5,,UAE Team Emirates - XRG,21,360.0,100.0,4:16
tom-pidcock,Tom Pidcock,il-lombardia,Il Lombardia,2025,2025-10-11,6,,Q36.5 Pro Cycling Team,26,,90.0,4:16
paul-seixas,Paul Seixas,il-lombardia,Il Lombardia,2025,2025-10-11,7,,Decathlon AG2R La Mondiale Team,19,240.0,80.0,4:16
adam-yates,Adam Yates,il-lombardia,Il Lombardia,2025,2025-10-11,11,,UAE Team Emirates - XRG,33,110.0,46.0,4:49
christian-scaroni,Christian Scaroni,il-lombardia,Il Lombardia,2025,2025-10-11,15,,XDS Astana Team,27,55.0,30.0,5:21
davide-piganzoli,Davide Piganzoli,il-lombardia,Il Lombardia,2025,2025-10-11,16,,Team Polti VisitMalta,23,50.0,28.0,5:21
oscar-onley,Oscar Onley,il-lombardia,Il Lombardia,2025,2025-10-11,17,,Team Picnic PostNL,22,50.0,26.0,5:38
ben-o-connor,Ben O'Connor,il-lombardia,Il Lombardia,2025,2025-10-11,18,,Team Jayco AlUla,29,50.0,24.0,5:38
michael-matthews,Michael Matthews,il-lombardia,Il Lombardia,2025,2025-10-11,21,,Team Jayco AlUla,35,30.0,19.0,5:48
primoz-roglic,Primož Roglič,il-lombardia,Il Lombardia,2025,2025-10-11,22,,Red Bull - BORA - hansgrohe,35,30.0,18.0,5:48
sergio-higuita,Sergio Higuita,il-lombardia,Il Lombardia,2025,2025-10-11,24,,XDS Astana Team,28,30.0,16.0,6:06
marc-hirschi,Marc Hirschi,il-lombardia,Il Lombardia,2025,2025-10-11,27,,Tudor Pro Cycling Team,27,30.0,13.0,6:51
toms-skujins,Toms Skujiņš,il-lombardia,Il Lombardia,2025,2025-10-11,28,,Lidl - Trek,34,30.0,12.0,6:52
alex-baudin,Alex Baudin,il-lombardia,Il Lombardia,2025,2025-10-11,29,,EF Education - EasyPost,24,30.0,11.0,6:53
nairo-quintana,Nairo Quintana,il-lombardia,Il Lombardia,2025,2025-10-11,31,,Movistar Team,35,15.0,9.0,7:07
embret-svestad-bardseng,Embret Svestad-Bårdseng,il-lombardia,Il Lombardia,2025,2025-10-11,36,,Arkéa - B&B Hotels,23,15.0,5.0,7:07
tiesj-benoot,Tiesj Benoot,il-lombardia,Il Lombardia,2025,2025-10-11,46,,Team Visma | Lease a Bike,31,15.0,5.0,11:21
nicolas-prodhomme,Nicolas Prodhomme,il-lombardia,Il Lombardia,2025,2025-10-11,49,,Decathlon AG2R La Mondiale Team,28,15.0,5.0,11:21
bauke-mollema,Bauke Mollema,il-lombardia,Il Lombardia,2025,2025-10-11,54,,Lidl - Trek,38,10.0,5.0,14:16
kevin-vermaerke,Kevin Vermaerke,il-lombardia,Il Lombardia,2025,2025-10-11,56,,Team Picnic PostNL,24,5.0,5.0,16:02
lawrence-warbasse,Larry Warbasse,il-lombardia,Il Lombardia,2025,2025-10-11,60,,Tudor Pro Cycling Team,35,5.0,5.0,17:21
pavel-sivakov,Pavel Sivakov,il-lombardia,Il Lombardia,2025,2025-10-11,63,,UAE Team Emirates - XRG,28,,5.0,17:21
marcel-camprubi,Marcel Camprubí,il-lombardia,Il Lombardia,2025,2025-10-11,64,,Q36.5 Pro Cycling Team,24,,5.0,17:21
mattia-cattaneo,Mattia Cattaneo,il-lombardia,Il Lombardia,2025,2025-10-11,69,,Soudal Quick-Step,34,,5.0,19:22
georg-zimmermann,Georg Zimmermann,il-lombardia,Il Lombardia,2025,2025-10-11,75,,Intermarché - Wanty,28,,5.0,21:50
orluis-aular,Orluis Aular,il-lombardia,Il Lombardia,2025,2025-10-11,77,,Movistar Team,28,,5.0,21:50
vicente-rojas,Vicente Rojas,il-lombardia,Il Lombardia,2025,2025-10-11,78,,VF Group - Bardiani CSF - Faizanè,23,,5.0,21:50
andreas-leknessund,Andreas Leknessund,il-lombardia,Il Lombardia,2025,2025-10-11,79,,Uno-X Mobility,26,,5.0,21:50
victor-langellotti,Victor Langellotti,il-lombardia,Il Lombardia,2025,2025-10-11,80,,INEOS Grenadiers,30,,5.0,21:50
afonso-eulalio,Afonso Eulálio,il-lombardia,Il Lombardia,2025,2025-10-11,96,,Bahrain - Victorious,24,,5.0,26:16
gal-glivar,Gal Glivar,il-lombardia,Il Lombardia,2025,2025-10-11,,DNF,Alpecin - Deceuninck,23,,,
mauro-schmid,Mauro Schmid,il-lombardia,Il Lombardia,2025,2025-10-11,,DNF,Team Jayco AlUla,25,,,
nickolas-zukowsky,Nickolas Zukowsky,il-lombardia,Il Lombardia,2025,2025-10-11,,DNF,Q36.5 Pro Cycling Team,27,,,
bart-lemmen,Bart Lemmen,il-lombardia,Il Lombardia,2025,2025-10-11,,DNF,Team Visma | Lease a Bike,29,,,
jai-hindley,Jai Hindley,il-lombardia,Il Lombardia,2025,2025-10-11,,DNF,Red Bull - BORA - hansgrohe,29,,,
giulio-pellizzari,Giulio Pellizzari,il-lombardia,Il Lombardia,2025,2025-10-11,,DNF,Red Bull - BORA - hansgrohe,21,,,
jan-tratnik,Jan Tratnik,il-lombardia,Il Lombardia,2025,2025-10-11,,DNF,Red Bull - BORA - hansgrohe,35,,,
michal-kwiatkowski,Michał Kwiatkowski,il-lombardia,Il Lombardia,2025,2025-10-11,,DNF,INEOS Grenadiers,35,,,
ben-healy,Ben Healy,il-lombardia,Il Lombardia,2025,2025-10-11,,DNF,EF Education - EasyPost,25,,,
neilson-powless,Neilson Powless,il-lombardia,Il Lombardia,2025,2025-10-11,,DNF,EF Education - EasyPost,29,,,
arthur-kluckers,Arthur Kluckers,il-lombardia,Il Lombardia,2025,2025-10-11,,DNF,Tudor Pro Cycling Team,25,,,
remco-evenepoel,Remco Evenepoel,olympic-games,Olympics RR,2024,2024-08-03,1,,Belgium,24,900.0,375.0,6:19:34
attila-valter,Attila Valter,olympic-games,Olympics RR,2024,2024-08-03,4,,Hungary,26,490.0,160.0,1:16
toms-skujins,Toms Skujiņš,olympic-games,Olympics RR,2024,2024-08-03,5,,Latvia,33,410.0,130.0,1:16
stefan-kung,Stefan Küng,olympic-games,Olympics RR,2024,2024-08-03,7,,Switzerland,30,265.0,100.0,1:16
jan-tratnik,Jan Tratnik,olympic-games,Olympics RR,2024,2024-08-03,8,,Slovenia,34,225.0,90.0,1:16
matteo-jorgenson,Matteo Jorgenson,olympic-games,Olympics RR,2024,2024-08-03,9,,United States,25,190.0,80.0,1:16
ben-healy,Ben Healy,olympic-games,Olympics RR,2024,2024-08-03,10,,Ireland,23,150.0,70.0,1:20
mathieu-van-der-poel,Mathieu Van Der Poel,olympic-games,Olympics RR,2024,2024-08-03,12,,Netherlands,29,105.0,60.0,1:49
tom-pidcock,Tom Pidcock,olympic-games,Olympics RR,2024,2024-08-03,13,,Great Britain,25,90.0,55.0,1:50
mathias-vacek,Mathias Vacek,olympic-games,Olympics RR,2024,2024-08-03,14,,Czech Republic,22,75.0,50.0,1:51
michael-matthews,Michael Matthews,olympic-games,Olympics RR,2024,2024-08-03,15,,Australia,33,60.0,46.0,2:13
marc-hirschi,Marc Hirschi,olympic-games,Olympics RR,2024,2024-08-03,16,,Switzerland,25,50.0,42.0,2:13
santiago-buitrago-sanchez,Santiago Buitrago,olympic-games,Olympics RR,2024,2024-08-03,19,,Colombia,24,45.0,32.0,2:15
mads-pedersen,Mads Pedersen,olympic-games,Olympics RR,2024,2024-08-03,20,,Denmark,28,45.0,30.0,2:20
juan-ayuso-pesquera,Juan Ayuso,olympic-games,Olympics RR,2024,2024-08-03,22,,Spain,21,30.0,26.0,2:20
alberto-bettiol,Alberto Bettiol,olympic-games,Olympics RR,2024,2024-08-03,23,,Italy,30,30.0,24.0,2:20
brandon-mcnulty,Brandon Mcnulty,olympic-games,Olympics RR,2024,2024-08-03,24,,United States,26,30.0,22.0,2:20
felix-grossschartner,Felix Großschartner,olympic-games,Olympics RR,2024,2024-08-03,26,,Austria,30,30.0,19.0,2:20
corbin-strong,Corbin Strong,olympic-games,Olympics RR,2024,2024-08-03,27,,New Zealand,24,30.0,18.0,2:57
maximilian-schachmann,Maximilian Schachmann,olympic-games,Olympics RR,2024,2024-08-03,28,,Germany,30,30.0,17.0,2:59
madis-mihkels,Madis Mihkels,olympic-games,Olympics RR,2024,2024-08-03,30,,Estonia,21,30.0,15.0,3:42
nelson-oliveira,Nelson Oliveira,olympic-games,Olympics RR,2024,2024-08-03,33,,Portugal,35,15.0,15.0,3:42
wout-van-aert,Wout Van Aert,olympic-games,Olympics RR,2024,2024-08-03,37,,Belgium,29,15.0,15.0,3:47
luka-mezgec,Luka Mezgec,olympic-games,Olympics RR,2024,2024-08-03,38,,Slovenia,36,15.0,15.0,7:23
laurence-pithie,Laurence Pithie,olympic-games,Olympics RR,2024,2024-08-03,39,,New Zealand,22,15.0,15.0,7:23
michael-woods,Michael Woods,olympic-games,Olympics RR,2024,2024-08-03,41,,Canada,37,15.0,15.0,7:23
alfred-wright,Fred Wright,olympic-games,Olympics RR,2024,2024-08-03,43,,Great Britain,25,15.0,15.0,7:23
derek-gee,Derek Gee-West,olympic-games,Olympics RR,2024,2024-08-03,44,,Canada,27,15.0,15.0,7:23
jhonatan-narvaez,Jhonatan Narváez,olympic-games,Olympics RR,2024,2024-08-03,45,,Ecuador,27,15.0,15.0,7:23
tiesj-benoot,Tiesj Benoot,olympic-games,Olympics RR,2024,2024-08-03,48,,Belgium,30,15.0,15.0,7:23
biniam-girmay,Biniam Girmay,olympic-games,Olympics RR,2024,2024-08-03,49,,Eritrea,24,15.0,15.0,7:23
ben-o-connor,Ben O'Connor,olympic-games,Olympics RR,2024,2024-08-03,51,,Australia,28,10.0,15.0,7:23
orluis-aular,Orluis Aular,olympic-games,Olympics RR,2024,2024-08-03,53,,Venezuela,27,10.0,15.0,7:23
eric-antonio-fagundez,Eric Antonio Fagúndez,olympic-games,Olympics RR,2024,2024-08-03,55,,Uruguay,25,10.0,15.0,8:57
jakob-soderqvist,Jakob Söderqvist,olympic-games,Olympics RR,2024,2024-08-03,58,,Sweden,21,5.0,15.0,14:22
ryan-mullen,Ryan Mullen,olympic-games,Olympics RR,2024,2024-08-03,60,,Ireland,29,5.0,15.0,16:57
daan-hoole,Daan Hoole,olympic-games,Olympics RR,2024,2024-08-03,72,,Netherlands,25,,15.0,21:43
mikkel-bjerg,Mikkel Bjerg,olympic-games,Olympics RR,2024,2024-08-03,73,,Denmark,25,,15.0,21:43
tobias-foss,Tobias Foss,olympic-games,Olympics RR,2024,2024-08-03,74,,Norway,27,,15.0,21:43
matej-mohoric,Matej Mohorič,olympic-games,Olympics RR,2024,2024-08-03,,DNF,Slovenia,29,,,
